duplicate_type,hamming_distance,image_id_a,image_path_a,image_id_b,image_path_b
NEAR_DUPLICATE,6,00000494_000,C:\Users\manik\Downloads\Medical Image Annotation & Dataset Quality Pipeline\data\Chest_XRay_Dataset\xray_images\00000494_000.png,00000792_001,C:\Users\manik\Downloads\Medical Image Annotation & Dataset Quality Pipeline\data\Chest_XRay_Dataset\xray_images\00000792_001.png
NEAR_DUPLICATE,6,00000370_005,C:\Users\manik\Downloads\Medical Image Annotation & Dataset Quality Pipeline\data\Chest_XRay_Dataset\xray_images\00000370_005.png,00000370_009,C:\Users\manik\Downloads\Medical Image Annotation & Dataset Quality Pipeline\data\Chest_XRay_Dataset\xray_images\00000370_009.png
NEAR_DUPLICATE,4,00001143_003,C:\Users\manik\Downloads\Medical Image Annotation & Dataset Quality Pipeline\data\Chest_XRay_Dataset\xray_images\00001143_003.png,00001198_000,C:\Users\manik\Downloads\Medical Image Annotation & Dataset Quality Pipeline\data\Chest_XRay_Dataset\xray_images\00001198_000.png
NEAR_DUPLICATE,6,00001318_003,C:\Users\manik\Downloads\Medical Image Annotation & Dataset Quality Pipeline\data\Chest_XRay_Dataset\xray_images\00001318_003.png,00001318_004,C:\Users\manik\Downloads\Medical Image Annotation & Dataset Quality Pipeline\data\Chest_XRay_Dataset\xray_images\00001318_004.png
NEAR_DUPLICATE,6,00000627_011,C:\Users\manik\Downloads\Medical Image Annotation & Dataset Quality Pipeline\data\Chest_XRay_Dataset\xray_images\00000627_011.png,00000774_000,C:\Users\manik\Downloads\Medical Image Annotation & Dataset Quality Pipeline\data\Chest_XRay_Dataset\xray_images\00000774_000.png
NEAR_DUPLICATE,6,00000691_000,C:\Users\manik\Downloads\Medical Image Annotation & Dataset Quality Pipeline\data\Chest_XRay_Dataset\xray_images\00000691_000.png,00000974_009,C:\Users\manik\Downloads\Medical Image Annotation & Dataset Quality Pipeline\data\Chest_XRay_Dataset\xray_images\00000974_009.png
NEAR_DUPLICATE,6,00000468_047,C:\Users\manik\Downloads\Medical Image Annotation & Dataset Quality Pipeline\data\Chest_XRay_Dataset\xray_images\00000468_047.png,00000877_004,C:\Users\manik\Downloads\Medical Image Annotation & Dataset Quality Pipeline\data\Chest_XRay_Dataset\xray_images\00000877_004.png
NEAR_DUPLICATE,6,00000489_003,C:\Users\manik\Downloads\Medical Image Annotation & Dataset Quality Pipeline\data\Chest_XRay_Dataset\xray_images\00000489_003.png,00000522_001,C:\Users\manik\Downloads\Medical Image Annotation & Dataset Quality Pipeline\data\Chest_XRay_Dataset\xray_images\00000522_001.png
NEAR_DUPLICATE,6,00000274_001,C:\Users\manik\Downloads\Medical Image Annotation & Dataset Quality Pipeline\data\Chest_XRay_Dataset\xray_images\00000274_001.png,00000532_000,C:\Users\manik\Downloads\Medical Image Annotation & Dataset Quality Pipeline\data\Chest_XRay_Dataset\xray_images\00000532_000.png
NEAR_DUPLICATE,6,00000360_005,C:\Users\manik\Downloads\Medical Image Annotation & Dataset Quality Pipeline\data\Chest_XRay_Dataset\xray_images\00000360_005.png,00000583_034,C:\Users\manik\Downloads\Medical Image Annotation & Dataset Quality Pipeline\data\Chest_XRay_Dataset\xray_images\00000583_034.png
NEAR_DUPLICATE,6,00000360_005,C:\Users\manik\Downloads\Medical Image Annotation & Dataset Quality Pipeline\data\Chest_XRay_Dataset\xray_images\00000360_005.png,00001199_004,C:\Users\manik\Downloads\Medical Image Annotation & Dataset Quality Pipeline\data\Chest_XRay_Dataset\xray_images\00001199_004.png
NEAR_DUPLICATE,6,00000468_051,C:\Users\manik\Downloads\Medical Image Annotation & Dataset Quality Pipeline\data\Chest_XRay_Dataset\xray_images\00000468_051.png,00001122_010,C:\Users\manik\Downloads\Medical Image Annotation & Dataset Quality Pipeline\data\Chest_XRay_Dataset\xray_images\00001122_010.png
NEAR_DUPLICATE,6,00001157_000,C:\Users\manik\Downloads\Medical Image Annotation & Dataset Quality Pipeline\data\Chest_XRay_Dataset\xray_images\00001157_000.png,00001269_000,C:\Users\manik\Downloads\Medical Image Annotation & Dataset Quality Pipeline\data\Chest_XRay_Dataset\xray_images\00001269_000.png
NEAR_DUPLICATE,6,00001301_029,C:\Users\manik\Downloads\Medical Image Annotation & Dataset Quality Pipeline\data\Chest_XRay_Dataset\xray_images\00001301_029.png,00001301_041,C:\Users\manik\Downloads\Medical Image Annotation & Dataset Quality Pipeline\data\Chest_XRay_Dataset\xray_images\00001301_041.png
NEAR_DUPLICATE,4,00000425_000,C:\Users\manik\Downloads\Medical Image Annotation & Dataset Quality Pipeline\data\Chest_XRay_Dataset\xray_images\00000425_000.png,00001064_000,C:\Users\manik\Downloads\Medical Image Annotation & Dataset Quality Pipeline\data\Chest_XRay_Dataset\xray_images\00001064_000.png
NEAR_DUPLICATE,6,00000567_000,C:\Users\manik\Downloads\Medical Image Annotation & Dataset Quality Pipeline\data\Chest_XRay_Dataset\xray_images\00000567_000.png,00001101_019,C:\Users\manik\Downloads\Medical Image Annotation & Dataset Quality Pipeline\data\Chest_XRay_Dataset\xray_images\00001101_019.png
NEAR_DUPLICATE,6,00000976_004,C:\Users\manik\Downloads\Medical Image Annotation & Dataset Quality Pipeline\data\Chest_XRay_Dataset\xray_images\00000976_004.png,00001297_000,C:\Users\manik\Downloads\Medical Image Annotation & Dataset Quality Pipeline\data\Chest_XRay_Dataset\xray_images\00001297_000.png
NEAR_DUPLICATE,6,00000652_007,C:\Users\manik\Downloads\Medical Image Annotation & Dataset Quality Pipeline\data\Chest_XRay_Dataset\xray_images\00000652_007.png,00001122_015,C:\Users\manik\Downloads\Medical Image Annotation & Dataset Quality Pipeline\data\Chest_XRay_Dataset\xray_images\00001122_015.png
NEAR_DUPLICATE,6,00000261_005,C:\Users\manik\Downloads\Medical Image Annotation & Dataset Quality Pipeline\data\Chest_XRay_Dataset\xray_images\00000261_005.png,00000261_007,C:\Users\manik\Downloads\Medical Image Annotation & Dataset Quality Pipeline\data\Chest_XRay_Dataset\xray_images\00000261_007.png
NEAR_DUPLICATE,6,00000346_000,C:\Users\manik\Downloads\Medical Image Annotation & Dataset Quality Pipeline\data\Chest_XRay_Dataset\xray_images\00000346_000.png,00001263_000,C:\Users\manik\Downloads\Medical Image Annotation & Dataset Quality Pipeline\data\Chest_XRay_Dataset\xray_images\00001263_000.png
NEAR_DUPLICATE,6,00000259_000,C:\Users\manik\Downloads\Medical Image Annotation & Dataset Quality Pipeline\data\Chest_XRay_Dataset\xray_images\00000259_000.png,00000463_001,C:\Users\manik\Downloads\Medical Image Annotation & Dataset Quality Pipeline\data\Chest_XRay_Dataset\xray_images\00000463_001.png
NEAR_DUPLICATE,6,00000355_000,C:\Users\manik\Downloads\Medical Image Annotation & Dataset Quality Pipeline\data\Chest_XRay_Dataset\xray_images\00000355_000.png,00000702_001,C:\Users\manik\Downloads\Medical Image Annotation & Dataset Quality Pipeline\data\Chest_XRay_Dataset\xray_images\00000702_001.png
NEAR_DUPLICATE,6,00001088_009,C:\Users\manik\Downloads\Medical Image Annotation & Dataset Quality Pipeline\data\Chest_XRay_Dataset\xray_images\00001088_009.png,00001088_023,C:\Users\manik\Downloads\Medical Image Annotation & Dataset Quality Pipeline\data\Chest_XRay_Dataset\xray_images\00001088_023.png
NEAR_DUPLICATE,6,00000348_008,C:\Users\manik\Downloads\Medical Image Annotation & Dataset Quality Pipeline\data\Chest_XRay_Dataset\xray_images\00000348_008.png,00000348_001,C:\Users\manik\Downloads\Medical Image Annotation & Dataset Quality Pipeline\data\Chest_XRay_Dataset\xray_images\00000348_001.png
NEAR_DUPLICATE,6,00000348_008,C:\Users\manik\Downloads\Medical Image Annotation & Dataset Quality Pipeline\data\Chest_XRay_Dataset\xray_images\00000348_008.png,00000446_001,C:\Users\manik\Downloads\Medical Image Annotation & Dataset Quality Pipeline\data\Chest_XRay_Dataset\xray_images\00000446_001.png
NEAR_DUPLICATE,6,00000348_008,C:\Users\manik\Downloads\Medical Image Annotation & Dataset Quality Pipeline\data\Chest_XRay_Dataset\xray_images\00000348_008.png,00000744_010,C:\Users\manik\Downloads\Medical Image Annotation & Dataset Quality Pipeline\data\Chest_XRay_Dataset\xray_images\00000744_010.png
NEAR_DUPLICATE,6,00000368_002,C:\Users\manik\Downloads\Medical Image Annotation & Dataset Quality Pipeline\data\Chest_XRay_Dataset\xray_images\00000368_002.png,00000720_000,C:\Users\manik\Downloads\Medical Image Annotation & Dataset Quality Pipeline\data\Chest_XRay_Dataset\xray_images\00000720_000.png
NEAR_DUPLICATE,6,00000446_001,C:\Users\manik\Downloads\Medical Image Annotation & Dataset Quality Pipeline\data\Chest_XRay_Dataset\xray_images\00000446_001.png,00000655_006,C:\Users\manik\Downloads\Medical Image Annotation & Dataset Quality Pipeline\data\Chest_XRay_Dataset\xray_images\00000655_006.png
NEAR_DUPLICATE,6,00000720_000,C:\Users\manik\Downloads\Medical Image Annotation & Dataset Quality Pipeline\data\Chest_XRay_Dataset\xray_images\00000720_000.png,00000980_005,C:\Users\manik\Downloads\Medical Image Annotation & Dataset Quality Pipeline\data\Chest_XRay_Dataset\xray_images\00000980_005.png
NEAR_DUPLICATE,6,00000737_000,C:\Users\manik\Downloads\Medical Image Annotation & Dataset Quality Pipeline\data\Chest_XRay_Dataset\xray_images\00000737_000.png,00001199_001,C:\Users\manik\Downloads\Medical Image Annotation & Dataset Quality Pipeline\data\Chest_XRay_Dataset\xray_images\00001199_001.png
NEAR_DUPLICATE,4,00000744_001,C:\Users\manik\Downloads\Medical Image Annotation & Dataset Quality Pipeline\data\Chest_XRay_Dataset\xray_images\00000744_001.png,00001104_006,C:\Users\manik\Downloads\Medical Image Annotation & Dataset Quality Pipeline\data\Chest_XRay_Dataset\xray_images\00001104_006.png
NEAR_DUPLICATE,4,00001103_000,C:\Users\manik\Downloads\Medical Image Annotation & Dataset Quality Pipeline\data\Chest_XRay_Dataset\xray_images\00001103_000.png,00001199_001,C:\Users\manik\Downloads\Medical Image Annotation & Dataset Quality Pipeline\data\Chest_XRay_Dataset\xray_images\00001199_001.png
NEAR_DUPLICATE,6,00000438_000,C:\Users\manik\Downloads\Medical Image Annotation & Dataset Quality Pipeline\data\Chest_XRay_Dataset\xray_images\00000438_000.png,00001210_002,C:\Users\manik\Downloads\Medical Image Annotation & Dataset Quality Pipeline\data\Chest_XRay_Dataset\xray_images\00001210_002.png
NEAR_DUPLICATE,6,00000549_001,C:\Users\manik\Downloads\Medical Image Annotation & Dataset Quality Pipeline\data\Chest_XRay_Dataset\xray_images\00000549_001.png,00001210_002,C:\Users\manik\Downloads\Medical Image Annotation & Dataset Quality Pipeline\data\Chest_XRay_Dataset\xray_images\00001210_002.png
NEAR_DUPLICATE,6,00000549_001,C:\Users\manik\Downloads\Medical Image Annotation & Dataset Quality Pipeline\data\Chest_XRay_Dataset\xray_images\00000549_001.png,00001230_001,C:\Users\manik\Downloads\Medical Image Annotation & Dataset Quality Pipeline\data\Chest_XRay_Dataset\xray_images\00001230_001.png
NEAR_DUPLICATE,4,00000627_006,C:\Users\manik\Downloads\Medical Image Annotation & Dataset Quality Pipeline\data\Chest_XRay_Dataset\xray_images\00000627_006.png,00001107_009,C:\Users\manik\Downloads\Medical Image Annotation & Dataset Quality Pipeline\data\Chest_XRay_Dataset\xray_images\00001107_009.png
NEAR_DUPLICATE,6,00001210_002,C:\Users\manik\Downloads\Medical Image Annotation & Dataset Quality Pipeline\data\Chest_XRay_Dataset\xray_images\00001210_002.png,00001230_001,C:\Users\manik\Downloads\Medical Image Annotation & Dataset Quality Pipeline\data\Chest_XRay_Dataset\xray_images\00001230_001.png
NEAR_DUPLICATE,6,00001170_017,C:\Users\manik\Downloads\Medical Image Annotation & Dataset Quality Pipeline\data\Chest_XRay_Dataset\xray_images\00001170_017.png,00001170_024,C:\Users\manik\Downloads\Medical Image Annotation & Dataset Quality Pipeline\data\Chest_XRay_Dataset\xray_images\00001170_024.png
NEAR_DUPLICATE,6,00000980_001,C:\Users\manik\Downloads\Medical Image Annotation & Dataset Quality Pipeline\data\Chest_XRay_Dataset\xray_images\00000980_001.png,00000994_000,C:\Users\manik\Downloads\Medical Image Annotation & Dataset Quality Pipeline\data\Chest_XRay_Dataset\xray_images\00000994_000.png
NEAR_DUPLICATE,4,00000357_000,C:\Users\manik\Downloads\Medical Image Annotation & Dataset Quality Pipeline\data\Chest_XRay_Dataset\xray_images\00000357_000.png,00001039_001,C:\Users\manik\Downloads\Medical Image Annotation & Dataset Quality Pipeline\data\Chest_XRay_Dataset\xray_images\00001039_001.png
NEAR_DUPLICATE,6,00000573_010,C:\Users\manik\Downloads\Medical Image Annotation & Dataset Quality Pipeline\data\Chest_XRay_Dataset\xray_images\00000573_010.png,00001039_000,C:\Users\manik\Downloads\Medical Image Annotation & Dataset Quality Pipeline\data\Chest_XRay_Dataset\xray_images\00001039_000.png
NEAR_DUPLICATE,6,00000727_003,C:\Users\manik\Downloads\Medical Image Annotation & Dataset Quality Pipeline\data\Chest_XRay_Dataset\xray_images\00000727_003.png,00001133_000,C:\Users\manik\Downloads\Medical Image Annotation & Dataset Quality Pipeline\data\Chest_XRay_Dataset\xray_images\00001133_000.png
NEAR_DUPLICATE,6,00000422_006,C:\Users\manik\Downloads\Medical Image Annotation & Dataset Quality Pipeline\data\Chest_XRay_Dataset\xray_images\00000422_006.png,00000974_008,C:\Users\manik\Downloads\Medical Image Annotation & Dataset Quality Pipeline\data\Chest_XRay_Dataset\xray_images\00000974_008.png
NEAR_DUPLICATE,6,00000422_006,C:\Users\manik\Downloads\Medical Image Annotation & Dataset Quality Pipeline\data\Chest_XRay_Dataset\xray_images\00000422_006.png,00001247_012,C:\Users\manik\Downloads\Medical Image Annotation & Dataset Quality Pipeline\data\Chest_XRay_Dataset\xray_images\00001247_012.png
NEAR_DUPLICATE,6,00000974_008,C:\Users\manik\Downloads\Medical Image Annotation & Dataset Quality Pipeline\data\Chest_XRay_Dataset\xray_images\00000974_008.png,00001247_012,C:\Users\manik\Downloads\Medical Image Annotation & Dataset Quality Pipeline\data\Chest_XRay_Dataset\xray_images\00001247_012.png
NEAR_DUPLICATE,6,00001228_002,C:\Users\manik\Downloads\Medical Image Annotation & Dataset Quality Pipeline\data\Chest_XRay_Dataset\xray_images\00001228_002.png,00001247_012,C:\Users\manik\Downloads\Medical Image Annotation & Dataset Quality Pipeline\data\Chest_XRay_Dataset\xray_images\00001247_012.png
NEAR_DUPLICATE,6,00000877_009,C:\Users\manik\Downloads\Medical Image Annotation & Dataset Quality Pipeline\data\Chest_XRay_Dataset\xray_images\00000877_009.png,00000877_025,C:\Users\manik\Downloads\Medical Image Annotation & Dataset Quality Pipeline\data\Chest_XRay_Dataset\xray_images\00000877_025.png
NEAR_DUPLICATE,6,00000877_025,C:\Users\manik\Downloads\Medical Image Annotation & Dataset Quality Pipeline\data\Chest_XRay_Dataset\xray_images\00000877_025.png,00001247_006,C:\Users\manik\Downloads\Medical Image Annotation & Dataset Quality Pipeline\data\Chest_XRay_Dataset\xray_images\00001247_006.png
NEAR_DUPLICATE,4,00000693_000,C:\Users\manik\Downloads\Medical Image Annotation & Dataset Quality Pipeline\data\Chest_XRay_Dataset\xray_images\00000693_000.png,00000870_004,C:\Users\manik\Downloads\Medical Image Annotation & Dataset Quality Pipeline\data\Chest_XRay_Dataset\xray_images\00000870_004.png
NEAR_DUPLICATE,6,00000378_000,C:\Users\manik\Downloads\Medical Image Annotation & Dataset Quality Pipeline\data\Chest_XRay_Dataset\xray_images\00000378_000.png,00000428_000,C:\Users\manik\Downloads\Medical Image Annotation & Dataset Quality Pipeline\data\Chest_XRay_Dataset\xray_images\00000428_000.png
NEAR_DUPLICATE,6,00000494_002,C:\Users\manik\Downloads\Medical Image Annotation & Dataset Quality Pipeline\data\Chest_XRay_Dataset\xray_images\00000494_002.png,00000494_003,C:\Users\manik\Downloads\Medical Image Annotation & Dataset Quality Pipeline\data\Chest_XRay_Dataset\xray_images\00000494_003.png
NEAR_DUPLICATE,6,00000494_002,C:\Users\manik\Downloads\Medical Image Annotation & Dataset Quality Pipeline\data\Chest_XRay_Dataset\xray_images\00000494_002.png,00000770_000,C:\Users\manik\Downloads\Medical Image Annotation & Dataset Quality Pipeline\data\Chest_XRay_Dataset\xray_images\00000770_000.png
NEAR_DUPLICATE,4,00000796_004,C:\Users\manik\Downloads\Medical Image Annotation & Dataset Quality Pipeline\data\Chest_XRay_Dataset\xray_images\00000796_004.png,00001250_001,C:\Users\manik\Downloads\Medical Image Annotation & Dataset Quality Pipeline\data\Chest_XRay_Dataset\xray_images\00001250_001.png
NEAR_DUPLICATE,6,00000832_007,C:\Users\manik\Downloads\Medical Image Annotation & Dataset Quality Pipeline\data\Chest_XRay_Dataset\xray_images\00000832_007.png,00001047_001,C:\Users\manik\Downloads\Medical Image Annotation & Dataset Quality Pipeline\data\Chest_XRay_Dataset\xray_images\00001047_001.png
NEAR_DUPLICATE,4,00001147_002,C:\Users\manik\Downloads\Medical Image Annotation & Dataset Quality Pipeline\data\Chest_XRay_Dataset\xray_images\00001147_002.png,00001250_001,C:\Users\manik\Downloads\Medical Image Annotation & Dataset Quality Pipeline\data\Chest_XRay_Dataset\xray_images\00001250_001.png
NEAR_DUPLICATE,6,00000318_010,C:\Users\manik\Downloads\Medical Image Annotation & Dataset Quality Pipeline\data\Chest_XRay_Dataset\xray_images\00000318_010.png,00000949_009,C:\Users\manik\Downloads\Medical Image Annotation & Dataset Quality Pipeline\data\Chest_XRay_Dataset\xray_images\00000949_009.png
NEAR_DUPLICATE,6,00000322_002,C:\Users\manik\Downloads\Medical Image Annotation & Dataset Quality Pipeline\data\Chest_XRay_Dataset\xray_images\00000322_002.png,00001002_000,C:\Users\manik\Downloads\Medical Image Annotation & Dataset Quality Pipeline\data\Chest_XRay_Dataset\xray_images\00001002_000.png
NEAR_DUPLICATE,6,00000573_012,C:\Users\manik\Downloads\Medical Image Annotation & Dataset Quality Pipeline\data\Chest_XRay_Dataset\xray_images\00000573_012.png,00001317_000,C:\Users\manik\Downloads\Medical Image Annotation & Dataset Quality Pipeline\data\Chest_XRay_Dataset\xray_images\00001317_000.png
NEAR_DUPLICATE,6,00000783_002,C:\Users\manik\Downloads\Medical Image Annotation & Dataset Quality Pipeline\data\Chest_XRay_Dataset\xray_images\00000783_002.png,00001273_000,C:\Users\manik\Downloads\Medical Image Annotation & Dataset Quality Pipeline\data\Chest_XRay_Dataset\xray_images\00001273_000.png
NEAR_DUPLICATE,6,00000857_000,C:\Users\manik\Downloads\Medical Image Annotation & Dataset Quality Pipeline\data\Chest_XRay_Dataset\xray_images\00000857_000.png,00001273_000,C:\Users\manik\Downloads\Medical Image Annotation & Dataset Quality Pipeline\data\Chest_XRay_Dataset\xray_images\00001273_000.png
NEAR_DUPLICATE,6,00000722_000,C:\Users\manik\Downloads\Medical Image Annotation & Dataset Quality Pipeline\data\Chest_XRay_Dataset\xray_images\00000722_000.png,00000949_006,C:\Users\manik\Downloads\Medical Image Annotation & Dataset Quality Pipeline\data\Chest_XRay_Dataset\xray_images\00000949_006.png
NEAR_DUPLICATE,6,00000854_000,C:\Users\manik\Downloads\Medical Image Annotation & Dataset Quality Pipeline\data\Chest_XRay_Dataset\xray_images\00000854_000.png,00001231_000,C:\Users\manik\Downloads\Medical Image Annotation & Dataset Quality Pipeline\data\Chest_XRay_Dataset\xray_images\00001231_000.png
NEAR_DUPLICATE,6,00000854_000,C:\Users\manik\Downloads\Medical Image Annotation & Dataset Quality Pipeline\data\Chest_XRay_Dataset\xray_images\00000854_000.png,00001317_003,C:\Users\manik\Downloads\Medical Image Annotation & Dataset Quality Pipeline\data\Chest_XRay_Dataset\xray_images\00001317_003.png
NEAR_DUPLICATE,6,00001023_002,C:\Users\manik\Downloads\Medical Image Annotation & Dataset Quality Pipeline\data\Chest_XRay_Dataset\xray_images\00001023_002.png,00001023_003,C:\Users\manik\Downloads\Medical Image Annotation & Dataset Quality Pipeline\data\Chest_XRay_Dataset\xray_images\00001023_003.png
NEAR_DUPLICATE,6,00001093_011,C:\Users\manik\Downloads\Medical Image Annotation & Dataset Quality Pipeline\data\Chest_XRay_Dataset\xray_images\00001093_011.png,00001093_012,C:\Users\manik\Downloads\Medical Image Annotation & Dataset Quality Pipeline\data\Chest_XRay_Dataset\xray_images\00001093_012.png
NEAR_DUPLICATE,6,00000591_013,C:\Users\manik\Downloads\Medical Image Annotation & Dataset Quality Pipeline\data\Chest_XRay_Dataset\xray_images\00000591_013.png,00000591_019,C:\Users\manik\Downloads\Medical Image Annotation & Dataset Quality Pipeline\data\Chest_XRay_Dataset\xray_images\00000591_019.png
NEAR_DUPLICATE,6,00000591_016,C:\Users\manik\Downloads\Medical Image Annotation & Dataset Quality Pipeline\data\Chest_XRay_Dataset\xray_images\00000591_016.png,00000591_019,C:\Users\manik\Downloads\Medical Image Annotation & Dataset Quality Pipeline\data\Chest_XRay_Dataset\xray_images\00000591_019.png
NEAR_DUPLICATE,6,00000266_000,C:\Users\manik\Downloads\Medical Image Annotation & Dataset Quality Pipeline\data\Chest_XRay_Dataset\xray_images\00000266_000.png,00000697_003,C:\Users\manik\Downloads\Medical Image Annotation & Dataset Quality Pipeline\data\Chest_XRay_Dataset\xray_images\00000697_003.png
NEAR_DUPLICATE,6,00000266_000,C:\Users\manik\Downloads\Medical Image Annotation & Dataset Quality Pipeline\data\Chest_XRay_Dataset\xray_images\00000266_000.png,00001042_000,C:\Users\manik\Downloads\Medical Image Annotation & Dataset Quality Pipeline\data\Chest_XRay_Dataset\xray_images\00001042_000.png
NEAR_DUPLICATE,6,00000318_001,C:\Users\manik\Downloads\Medical Image Annotation & Dataset Quality Pipeline\data\Chest_XRay_Dataset\xray_images\00000318_001.png,00001296_001,C:\Users\manik\Downloads\Medical Image Annotation & Dataset Quality Pipeline\data\Chest_XRay_Dataset\xray_images\00001296_001.png
NEAR_DUPLICATE,6,00000341_000,C:\Users\manik\Downloads\Medical Image Annotation & Dataset Quality Pipeline\data\Chest_XRay_Dataset\xray_images\00000341_000.png,00001042_000,C:\Users\manik\Downloads\Medical Image Annotation & Dataset Quality Pipeline\data\Chest_XRay_Dataset\xray_images\00001042_000.png
NEAR_DUPLICATE,6,00000697_003,C:\Users\manik\Downloads\Medical Image Annotation & Dataset Quality Pipeline\data\Chest_XRay_Dataset\xray_images\00000697_003.png,00000988_001,C:\Users\manik\Downloads\Medical Image Annotation & Dataset Quality Pipeline\data\Chest_XRay_Dataset\xray_images\00000988_001.png
NEAR_DUPLICATE,4,00000697_003,C:\Users\manik\Downloads\Medical Image Annotation & Dataset Quality Pipeline\data\Chest_XRay_Dataset\xray_images\00000697_003.png,00001210_005,C:\Users\manik\Downloads\Medical Image Annotation & Dataset Quality Pipeline\data\Chest_XRay_Dataset\xray_images\00001210_005.png
NEAR_DUPLICATE,6,00000930_000,C:\Users\manik\Downloads\Medical Image Annotation & Dataset Quality Pipeline\data\Chest_XRay_Dataset\xray_images\00000930_000.png,00000988_001,C:\Users\manik\Downloads\Medical Image Annotation & Dataset Quality Pipeline\data\Chest_XRay_Dataset\xray_images\00000988_001.png
NEAR_DUPLICATE,6,00000930_000,C:\Users\manik\Downloads\Medical Image Annotation & Dataset Quality Pipeline\data\Chest_XRay_Dataset\xray_images\00000930_000.png,00001296_001,C:\Users\manik\Downloads\Medical Image Annotation & Dataset Quality Pipeline\data\Chest_XRay_Dataset\xray_images\00001296_001.png
NEAR_DUPLICATE,4,00000988_001,C:\Users\manik\Downloads\Medical Image Annotation & Dataset Quality Pipeline\data\Chest_XRay_Dataset\xray_images\00000988_001.png,00001210_005,C:\Users\manik\Downloads\Medical Image Annotation & Dataset Quality Pipeline\data\Chest_XRay_Dataset\xray_images\00001210_005.png
NEAR_DUPLICATE,6,00000447_002,C:\Users\manik\Downloads\Medical Image Annotation & Dataset Quality Pipeline\data\Chest_XRay_Dataset\xray_images\00000447_002.png,00001107_004,C:\Users\manik\Downloads\Medical Image Annotation & Dataset Quality Pipeline\data\Chest_XRay_Dataset\xray_images\00001107_004.png
NEAR_DUPLICATE,6,00000591_008,C:\Users\manik\Downloads\Medical Image Annotation & Dataset Quality Pipeline\data\Chest_XRay_Dataset\xray_images\00000591_008.png,00000591_012,C:\Users\manik\Downloads\Medical Image Annotation & Dataset Quality Pipeline\data\Chest_XRay_Dataset\xray_images\00000591_012.png
NEAR_DUPLICATE,6,00000796_005,C:\Users\manik\Downloads\Medical Image Annotation & Dataset Quality Pipeline\data\Chest_XRay_Dataset\xray_images\00000796_005.png,00001148_003,C:\Users\manik\Downloads\Medical Image Annotation & Dataset Quality Pipeline\data\Chest_XRay_Dataset\xray_images\00001148_003.png
NEAR_DUPLICATE,4,00001256_006,C:\Users\manik\Downloads\Medical Image Annotation & Dataset Quality Pipeline\data\Chest_XRay_Dataset\xray_images\00001256_006.png,00001256_008,C:\Users\manik\Downloads\Medical Image Annotation & Dataset Quality Pipeline\data\Chest_XRay_Dataset\xray_images\00001256_008.png
NEAR_DUPLICATE,6,00000490_005,C:\Users\manik\Downloads\Medical Image Annotation & Dataset Quality Pipeline\data\Chest_XRay_Dataset\xray_images\00000490_005.png,00000744_000,C:\Users\manik\Downloads\Medical Image Annotation & Dataset Quality Pipeline\data\Chest_XRay_Dataset\xray_images\00000744_000.png
NEAR_DUPLICATE,6,00001248_022,C:\Users\manik\Downloads\Medical Image Annotation & Dataset Quality Pipeline\data\Chest_XRay_Dataset\xray_images\00001248_022.png,00001248_025,C:\Users\manik\Downloads\Medical Image Annotation & Dataset Quality Pipeline\data\Chest_XRay_Dataset\xray_images\00001248_025.png
NEAR_DUPLICATE,6,00000372_008,C:\Users\manik\Downloads\Medical Image Annotation & Dataset Quality Pipeline\data\Chest_XRay_Dataset\xray_images\00000372_008.png,00001249_002,C:\Users\manik\Downloads\Medical Image Annotation & Dataset Quality Pipeline\data\Chest_XRay_Dataset\xray_images\00001249_002.png
NEAR_DUPLICATE,6,00000631_004,C:\Users\manik\Downloads\Medical Image Annotation & Dataset Quality Pipeline\data\Chest_XRay_Dataset\xray_images\00000631_004.png,00000707_002,C:\Users\manik\Downloads\Medical Image Annotation & Dataset Quality Pipeline\data\Chest_XRay_Dataset\xray_images\00000707_002.png
NEAR_DUPLICATE,0,00000820_015,C:\Users\manik\Downloads\Medical Image Annotation & Dataset Quality Pipeline\data\Chest_XRay_Dataset\xray_images\00000820_015.png,00000820_016,C:\Users\manik\Downloads\Medical Image Annotation & Dataset Quality Pipeline\data\Chest_XRay_Dataset\xray_images\00000820_016.png
NEAR_DUPLICATE,6,00000959_001,C:\Users\manik\Downloads\Medical Image Annotation & Dataset Quality Pipeline\data\Chest_XRay_Dataset\xray_images\00000959_001.png,00000959_002,C:\Users\manik\Downloads\Medical Image Annotation & Dataset Quality Pipeline\data\Chest_XRay_Dataset\xray_images\00000959_002.png
NEAR_DUPLICATE,6,00000634_007,C:\Users\manik\Downloads\Medical Image Annotation & Dataset Quality Pipeline\data\Chest_XRay_Dataset\xray_images\00000634_007.png,00000634_001,C:\Users\manik\Downloads\Medical Image Annotation & Dataset Quality Pipeline\data\Chest_XRay_Dataset\xray_images\00000634_001.png
NEAR_DUPLICATE,6,00000798_024,C:\Users\manik\Downloads\Medical Image Annotation & Dataset Quality Pipeline\data\Chest_XRay_Dataset\xray_images\00000798_024.png,00000798_027,C:\Users\manik\Downloads\Medical Image Annotation & Dataset Quality Pipeline\data\Chest_XRay_Dataset\xray_images\00000798_027.png
NEAR_DUPLICATE,4,00000383_000,C:\Users\manik\Downloads\Medical Image Annotation & Dataset Quality Pipeline\data\Chest_XRay_Dataset\xray_images\00000383_000.png,00000944_000,C:\Users\manik\Downloads\Medical Image Annotation & Dataset Quality Pipeline\data\Chest_XRay_Dataset\xray_images\00000944_000.png
NEAR_DUPLICATE,6,00000861_003,C:\Users\manik\Downloads\Medical Image Annotation & Dataset Quality Pipeline\data\Chest_XRay_Dataset\xray_images\00000861_003.png,00000944_000,C:\Users\manik\Downloads\Medical Image Annotation & Dataset Quality Pipeline\data\Chest_XRay_Dataset\xray_images\00000944_000.png
NEAR_DUPLICATE,6,00000540_001,C:\Users\manik\Downloads\Medical Image Annotation & Dataset Quality Pipeline\data\Chest_XRay_Dataset\xray_images\00000540_001.png,00000628_001,C:\Users\manik\Downloads\Medical Image Annotation & Dataset Quality Pipeline\data\Chest_XRay_Dataset\xray_images\00000628_001.png
NEAR_DUPLICATE,6,00000514_001,C:\Users\manik\Downloads\Medical Image Annotation & Dataset Quality Pipeline\data\Chest_XRay_Dataset\xray_images\00000514_001.png,00001152_004,C:\Users\manik\Downloads\Medical Image Annotation & Dataset Quality Pipeline\data\Chest_XRay_Dataset\xray_images\00001152_004.png
NEAR_DUPLICATE,6,00000920_000,C:\Users\manik\Downloads\Medical Image Annotation & Dataset Quality Pipeline\data\Chest_XRay_Dataset\xray_images\00000920_000.png,00000992_001,C:\Users\manik\Downloads\Medical Image Annotation & Dataset Quality Pipeline\data\Chest_XRay_Dataset\xray_images\00000992_001.png
NEAR_DUPLICATE,6,00001151_000,C:\Users\manik\Downloads\Medical Image Annotation & Dataset Quality Pipeline\data\Chest_XRay_Dataset\xray_images\00001151_000.png,00001203_016,C:\Users\manik\Downloads\Medical Image Annotation & Dataset Quality Pipeline\data\Chest_XRay_Dataset\xray_images\00001203_016.png
NEAR_DUPLICATE,6,00000808_008,C:\Users\manik\Downloads\Medical Image Annotation & Dataset Quality Pipeline\data\Chest_XRay_Dataset\xray_images\00000808_008.png,00000808_009,C:\Users\manik\Downloads\Medical Image Annotation & Dataset Quality Pipeline\data\Chest_XRay_Dataset\xray_images\00000808_009.png
NEAR_DUPLICATE,6,00000290_003,C:\Users\manik\Downloads\Medical Image Annotation & Dataset Quality Pipeline\data\Chest_XRay_Dataset\xray_images\00000290_003.png,00000503_000,C:\Users\manik\Downloads\Medical Image Annotation & Dataset Quality Pipeline\data\Chest_XRay_Dataset\xray_images\00000503_000.png
NEAR_DUPLICATE,6,00000318_005,C:\Users\manik\Downloads\Medical Image Annotation & Dataset Quality Pipeline\data\Chest_XRay_Dataset\xray_images\00000318_005.png,00000360_000,C:\Users\manik\Downloads\Medical Image Annotation & Dataset Quality Pipeline\data\Chest_XRay_Dataset\xray_images\00000360_000.png
NEAR_DUPLICATE,6,00000627_010,C:\Users\manik\Downloads\Medical Image Annotation & Dataset Quality Pipeline\data\Chest_XRay_Dataset\xray_images\00000627_010.png,00001199_003,C:\Users\manik\Downloads\Medical Image Annotation & Dataset Quality Pipeline\data\Chest_XRay_Dataset\xray_images\00001199_003.png
NEAR_DUPLICATE,6,00000251_003,C:\Users\manik\Downloads\Medical Image Annotation & Dataset Quality Pipeline\data\Chest_XRay_Dataset\xray_images\00000251_003.png,00000974_000,C:\Users\manik\Downloads\Medical Image Annotation & Dataset Quality Pipeline\data\Chest_XRay_Dataset\xray_images\00000974_000.png
NEAR_DUPLICATE,6,00001088_003,C:\Users\manik\Downloads\Medical Image Annotation & Dataset Quality Pipeline\data\Chest_XRay_Dataset\xray_images\00001088_003.png,00001094_000,C:\Users\manik\Downloads\Medical Image Annotation & Dataset Quality Pipeline\data\Chest_XRay_Dataset\xray_images\00001094_000.png
NEAR_DUPLICATE,4,00001170_045,C:\Users\manik\Downloads\Medical Image Annotation & Dataset Quality Pipeline\data\Chest_XRay_Dataset\xray_images\00001170_045.png,00001170_046,C:\Users\manik\Downloads\Medical Image Annotation & Dataset Quality Pipeline\data\Chest_XRay_Dataset\xray_images\00001170_046.png
NEAR_DUPLICATE,4,00001264_000,C:\Users\manik\Downloads\Medical Image Annotation & Dataset Quality Pipeline\data\Chest_XRay_Dataset\xray_images\00001264_000.png,00001264_001,C:\Users\manik\Downloads\Medical Image Annotation & Dataset Quality Pipeline\data\Chest_XRay_Dataset\xray_images\00001264_001.png
NEAR_DUPLICATE,6,00000731_008,C:\Users\manik\Downloads\Medical Image Annotation & Dataset Quality Pipeline\data\Chest_XRay_Dataset\xray_images\00000731_008.png,00000809_004,C:\Users\manik\Downloads\Medical Image Annotation & Dataset Quality Pipeline\data\Chest_XRay_Dataset\xray_images\00000809_004.png
NEAR_DUPLICATE,6,00000256_000,C:\Users\manik\Downloads\Medical Image Annotation & Dataset Quality Pipeline\data\Chest_XRay_Dataset\xray_images\00000256_000.png,00001011_000,C:\Users\manik\Downloads\Medical Image Annotation & Dataset Quality Pipeline\data\Chest_XRay_Dataset\xray_images\00001011_000.png
NEAR_DUPLICATE,6,00000448_001,C:\Users\manik\Downloads\Medical Image Annotation & Dataset Quality Pipeline\data\Chest_XRay_Dataset\xray_images\00000448_001.png,00001088_000,C:\Users\manik\Downloads\Medical Image Annotation & Dataset Quality Pipeline\data\Chest_XRay_Dataset\xray_images\00001088_000.png
NEAR_DUPLICATE,6,00001088_027,C:\Users\manik\Downloads\Medical Image Annotation & Dataset Quality Pipeline\data\Chest_XRay_Dataset\xray_images\00001088_027.png,00001088_000,C:\Users\manik\Downloads\Medical Image Annotation & Dataset Quality Pipeline\data\Chest_XRay_Dataset\xray_images\00001088_000.png
NEAR_DUPLICATE,6,00000623_010,C:\Users\manik\Downloads\Medical Image Annotation & Dataset Quality Pipeline\data\Chest_XRay_Dataset\xray_images\00000623_010.png,00000892_000,C:\Users\manik\Downloads\Medical Image Annotation & Dataset Quality Pipeline\data\Chest_XRay_Dataset\xray_images\00000892_000.png
NEAR_DUPLICATE,6,00001170_048,C:\Users\manik\Downloads\Medical Image Annotation & Dataset Quality Pipeline\data\Chest_XRay_Dataset\xray_images\00001170_048.png,00001170_049,C:\Users\manik\Downloads\Medical Image Annotation & Dataset Quality Pipeline\data\Chest_XRay_Dataset\xray_images\00001170_049.png
NEAR_DUPLICATE,4,00000577_001,C:\Users\manik\Downloads\Medical Image Annotation & Dataset Quality Pipeline\data\Chest_XRay_Dataset\xray_images\00000577_001.png,00000731_007,C:\Users\manik\Downloads\Medical Image Annotation & Dataset Quality Pipeline\data\Chest_XRay_Dataset\xray_images\00000731_007.png
NEAR_DUPLICATE,6,00000940_000,C:\Users\manik\Downloads\Medical Image Annotation & Dataset Quality Pipeline\data\Chest_XRay_Dataset\xray_images\00000940_000.png,00001193_000,C:\Users\manik\Downloads\Medical Image Annotation & Dataset Quality Pipeline\data\Chest_XRay_Dataset\xray_images\00001193_000.png
NEAR_DUPLICATE,6,00001248_010,C:\Users\manik\Downloads\Medical Image Annotation & Dataset Quality Pipeline\data\Chest_XRay_Dataset\xray_images\00001248_010.png,00001248_015,C:\Users\manik\Downloads\Medical Image Annotation & Dataset Quality Pipeline\data\Chest_XRay_Dataset\xray_images\00001248_015.png
NEAR_DUPLICATE,6,00000446_000,C:\Users\manik\Downloads\Medical Image Annotation & Dataset Quality Pipeline\data\Chest_XRay_Dataset\xray_images\00000446_000.png,00001254_000,C:\Users\manik\Downloads\Medical Image Annotation & Dataset Quality Pipeline\data\Chest_XRay_Dataset\xray_images\00001254_000.png
NEAR_DUPLICATE,4,00001248_012,C:\Users\manik\Downloads\Medical Image Annotation & Dataset Quality Pipeline\data\Chest_XRay_Dataset\xray_images\00001248_012.png,00001248_016,C:\Users\manik\Downloads\Medical Image Annotation & Dataset Quality Pipeline\data\Chest_XRay_Dataset\xray_images\00001248_016.png
NEAR_DUPLICATE,4,00000444_003,C:\Users\manik\Downloads\Medical Image Annotation & Dataset Quality Pipeline\data\Chest_XRay_Dataset\xray_images\00000444_003.png,00001230_000,C:\Users\manik\Downloads\Medical Image Annotation & Dataset Quality Pipeline\data\Chest_XRay_Dataset\xray_images\00001230_000.png
NEAR_DUPLICATE,6,00000575_000,C:\Users\manik\Downloads\Medical Image Annotation & Dataset Quality Pipeline\data\Chest_XRay_Dataset\xray_images\00000575_000.png,00001148_004,C:\Users\manik\Downloads\Medical Image Annotation & Dataset Quality Pipeline\data\Chest_XRay_Dataset\xray_images\00001148_004.png
NEAR_DUPLICATE,4,00000273_009,C:\Users\manik\Downloads\Medical Image Annotation & Dataset Quality Pipeline\data\Chest_XRay_Dataset\xray_images\00000273_009.png,00000273_001,C:\Users\manik\Downloads\Medical Image Annotation & Dataset Quality Pipeline\data\Chest_XRay_Dataset\xray_images\00000273_001.png
NEAR_DUPLICATE,4,00000376_013,C:\Users\manik\Downloads\Medical Image Annotation & Dataset Quality Pipeline\data\Chest_XRay_Dataset\xray_images\00000376_013.png,00000859_002,C:\Users\manik\Downloads\Medical Image Annotation & Dataset Quality Pipeline\data\Chest_XRay_Dataset\xray_images\00000859_002.png
NEAR_DUPLICATE,6,00000376_013,C:\Users\manik\Downloads\Medical Image Annotation & Dataset Quality Pipeline\data\Chest_XRay_Dataset\xray_images\00000376_013.png,00001248_013,C:\Users\manik\Downloads\Medical Image Annotation & Dataset Quality Pipeline\data\Chest_XRay_Dataset\xray_images\00001248_013.png
NEAR_DUPLICATE,6,00000396_000,C:\Users\manik\Downloads\Medical Image Annotation & Dataset Quality Pipeline\data\Chest_XRay_Dataset\xray_images\00000396_000.png,00001248_014,C:\Users\manik\Downloads\Medical Image Annotation & Dataset Quality Pipeline\data\Chest_XRay_Dataset\xray_images\00001248_014.png
NEAR_DUPLICATE,6,00000621_003,C:\Users\manik\Downloads\Medical Image Annotation & Dataset Quality Pipeline\data\Chest_XRay_Dataset\xray_images\00000621_003.png,00000847_000,C:\Users\manik\Downloads\Medical Image Annotation & Dataset Quality Pipeline\data\Chest_XRay_Dataset\xray_images\00000847_000.png
NEAR_DUPLICATE,6,00001074_002,C:\Users\manik\Downloads\Medical Image Annotation & Dataset Quality Pipeline\data\Chest_XRay_Dataset\xray_images\00001074_002.png,00001248_014,C:\Users\manik\Downloads\Medical Image Annotation & Dataset Quality Pipeline\data\Chest_XRay_Dataset\xray_images\00001248_014.png
NEAR_DUPLICATE,4,00001248_013,C:\Users\manik\Downloads\Medical Image Annotation & Dataset Quality Pipeline\data\Chest_XRay_Dataset\xray_images\00001248_013.png,00001248_014,C:\Users\manik\Downloads\Medical Image Annotation & Dataset Quality Pipeline\data\Chest_XRay_Dataset\xray_images\00001248_014.png
NEAR_DUPLICATE,4,00000791_000,C:\Users\manik\Downloads\Medical Image Annotation & Dataset Quality Pipeline\data\Chest_XRay_Dataset\xray_images\00000791_000.png,00001025_000,C:\Users\manik\Downloads\Medical Image Annotation & Dataset Quality Pipeline\data\Chest_XRay_Dataset\xray_images\00001025_000.png
NEAR_DUPLICATE,6,00001018_008,C:\Users\manik\Downloads\Medical Image Annotation & Dataset Quality Pipeline\data\Chest_XRay_Dataset\xray_images\00001018_008.png,00001203_017,C:\Users\manik\Downloads\Medical Image Annotation & Dataset Quality Pipeline\data\Chest_XRay_Dataset\xray_images\00001203_017.png
NEAR_DUPLICATE,6,00000486_001,C:\Users\manik\Downloads\Medical Image Annotation & Dataset Quality Pipeline\data\Chest_XRay_Dataset\xray_images\00000486_001.png,00000946_000,C:\Users\manik\Downloads\Medical Image Annotation & Dataset Quality Pipeline\data\Chest_XRay_Dataset\xray_images\00000946_000.png
NEAR_DUPLICATE,6,00000311_001,C:\Users\manik\Downloads\Medical Image Annotation & Dataset Quality Pipeline\data\Chest_XRay_Dataset\xray_images\00000311_001.png,00001048_000,C:\Users\manik\Downloads\Medical Image Annotation & Dataset Quality Pipeline\data\Chest_XRay_Dataset\xray_images\00001048_000.png
NEAR_DUPLICATE,6,00000360_002,C:\Users\manik\Downloads\Medical Image Annotation & Dataset Quality Pipeline\data\Chest_XRay_Dataset\xray_images\00000360_002.png,00000398_004,C:\Users\manik\Downloads\Medical Image Annotation & Dataset Quality Pipeline\data\Chest_XRay_Dataset\xray_images\00000398_004.png
NEAR_DUPLICATE,6,00000537_000,C:\Users\manik\Downloads\Medical Image Annotation & Dataset Quality Pipeline\data\Chest_XRay_Dataset\xray_images\00000537_000.png,00000957_000,C:\Users\manik\Downloads\Medical Image Annotation & Dataset Quality Pipeline\data\Chest_XRay_Dataset\xray_images\00000957_000.png
NEAR_DUPLICATE,6,00000591_000,C:\Users\manik\Downloads\Medical Image Annotation & Dataset Quality Pipeline\data\Chest_XRay_Dataset\xray_images\00000591_000.png,00000957_000,C:\Users\manik\Downloads\Medical Image Annotation & Dataset Quality Pipeline\data\Chest_XRay_Dataset\xray_images\00000957_000.png
NEAR_DUPLICATE,4,00001170_023,C:\Users\manik\Downloads\Medical Image Annotation & Dataset Quality Pipeline\data\Chest_XRay_Dataset\xray_images\00001170_023.png,00001170_031,C:\Users\manik\Downloads\Medical Image Annotation & Dataset Quality Pipeline\data\Chest_XRay_Dataset\xray_images\00001170_031.png
NEAR_DUPLICATE,4,00001170_023,C:\Users\manik\Downloads\Medical Image Annotation & Dataset Quality Pipeline\data\Chest_XRay_Dataset\xray_images\00001170_023.png,00001170_038,C:\Users\manik\Downloads\Medical Image Annotation & Dataset Quality Pipeline\data\Chest_XRay_Dataset\xray_images\00001170_038.png
NEAR_DUPLICATE,6,00001170_023,C:\Users\manik\Downloads\Medical Image Annotation & Dataset Quality Pipeline\data\Chest_XRay_Dataset\xray_images\00001170_023.png,00001170_044,C:\Users\manik\Downloads\Medical Image Annotation & Dataset Quality Pipeline\data\Chest_XRay_Dataset\xray_images\00001170_044.png
NEAR_DUPLICATE,0,00001170_031,C:\Users\manik\Downloads\Medical Image Annotation & Dataset Quality Pipeline\data\Chest_XRay_Dataset\xray_images\00001170_031.png,00001170_038,C:\Users\manik\Downloads\Medical Image Annotation & Dataset Quality Pipeline\data\Chest_XRay_Dataset\xray_images\00001170_038.png
NEAR_DUPLICATE,6,00001170_031,C:\Users\manik\Downloads\Medical Image Annotation & Dataset Quality Pipeline\data\Chest_XRay_Dataset\xray_images\00001170_031.png,00001170_044,C:\Users\manik\Downloads\Medical Image Annotation & Dataset Quality Pipeline\data\Chest_XRay_Dataset\xray_images\00001170_044.png
NEAR_DUPLICATE,6,00001170_038,C:\Users\manik\Downloads\Medical Image Annotation & Dataset Quality Pipeline\data\Chest_XRay_Dataset\xray_images\00001170_038.png,00001170_044,C:\Users\manik\Downloads\Medical Image Annotation & Dataset Quality Pipeline\data\Chest_XRay_Dataset\xray_images\00001170_044.png
NEAR_DUPLICATE,4,00000376_009,C:\Users\manik\Downloads\Medical Image Annotation & Dataset Quality Pipeline\data\Chest_XRay_Dataset\xray_images\00000376_009.png,00000921_000,C:\Users\manik\Downloads\Medical Image Annotation & Dataset Quality Pipeline\data\Chest_XRay_Dataset\xray_images\00000921_000.png
NEAR_DUPLICATE,6,00000632_000,C:\Users\manik\Downloads\Medical Image Annotation & Dataset Quality Pipeline\data\Chest_XRay_Dataset\xray_images\00000632_000.png,00000860_001,C:\Users\manik\Downloads\Medical Image Annotation & Dataset Quality Pipeline\data\Chest_XRay_Dataset\xray_images\00000860_001.png
NEAR_DUPLICATE,6,00000652_000,C:\Users\manik\Downloads\Medical Image Annotation & Dataset Quality Pipeline\data\Chest_XRay_Dataset\xray_images\00000652_000.png,00001075_043,C:\Users\manik\Downloads\Medical Image Annotation & Dataset Quality Pipeline\data\Chest_XRay_Dataset\xray_images\00001075_043.png
NEAR_DUPLICATE,6,00000850_000,C:\Users\manik\Downloads\Medical Image Annotation & Dataset Quality Pipeline\data\Chest_XRay_Dataset\xray_images\00000850_000.png,00000914_004,C:\Users\manik\Downloads\Medical Image Annotation & Dataset Quality Pipeline\data\Chest_XRay_Dataset\xray_images\00000914_004.png
NEAR_DUPLICATE,4,00000850_000,C:\Users\manik\Downloads\Medical Image Annotation & Dataset Quality Pipeline\data\Chest_XRay_Dataset\xray_images\00000850_000.png,00001268_001,C:\Users\manik\Downloads\Medical Image Annotation & Dataset Quality Pipeline\data\Chest_XRay_Dataset\xray_images\00001268_001.png
NEAR_DUPLICATE,6,00000850_000,C:\Users\manik\Downloads\Medical Image Annotation & Dataset Quality Pipeline\data\Chest_XRay_Dataset\xray_images\00000850_000.png,00001268_002,C:\Users\manik\Downloads\Medical Image Annotation & Dataset Quality Pipeline\data\Chest_XRay_Dataset\xray_images\00001268_002.png
NEAR_DUPLICATE,6,00000914_002,C:\Users\manik\Downloads\Medical Image Annotation & Dataset Quality Pipeline\data\Chest_XRay_Dataset\xray_images\00000914_002.png,00001268_002,C:\Users\manik\Downloads\Medical Image Annotation & Dataset Quality Pipeline\data\Chest_XRay_Dataset\xray_images\00001268_002.png
NEAR_DUPLICATE,6,00000914_004,C:\Users\manik\Downloads\Medical Image Annotation & Dataset Quality Pipeline\data\Chest_XRay_Dataset\xray_images\00000914_004.png,00001268_001,C:\Users\manik\Downloads\Medical Image Annotation & Dataset Quality Pipeline\data\Chest_XRay_Dataset\xray_images\00001268_001.png
NEAR_DUPLICATE,6,00001015_000,C:\Users\manik\Downloads\Medical Image Annotation & Dataset Quality Pipeline\data\Chest_XRay_Dataset\xray_images\00001015_000.png,00001031_000,C:\Users\manik\Downloads\Medical Image Annotation & Dataset Quality Pipeline\data\Chest_XRay_Dataset\xray_images\00001031_000.png
NEAR_DUPLICATE,6,00001015_000,C:\Users\manik\Downloads\Medical Image Annotation & Dataset Quality Pipeline\data\Chest_XRay_Dataset\xray_images\00001015_000.png,00001182_010,C:\Users\manik\Downloads\Medical Image Annotation & Dataset Quality Pipeline\data\Chest_XRay_Dataset\xray_images\00001182_010.png
NEAR_DUPLICATE,6,00001268_001,C:\Users\manik\Downloads\Medical Image Annotation & Dataset Quality Pipeline\data\Chest_XRay_Dataset\xray_images\00001268_001.png,00001268_002,C:\Users\manik\Downloads\Medical Image Annotation & Dataset Quality Pipeline\data\Chest_XRay_Dataset\xray_images\00001268_002.png
NEAR_DUPLICATE,6,00001268_001,C:\Users\manik\Downloads\Medical Image Annotation & Dataset Quality Pipeline\data\Chest_XRay_Dataset\xray_images\00001268_001.png,00001324_000,C:\Users\manik\Downloads\Medical Image Annotation & Dataset Quality Pipeline\data\Chest_XRay_Dataset\xray_images\00001324_000.png
NEAR_DUPLICATE,6,00000334_000,C:\Users\manik\Downloads\Medical Image Annotation & Dataset Quality Pipeline\data\Chest_XRay_Dataset\xray_images\00000334_000.png,00000764_002,C:\Users\manik\Downloads\Medical Image Annotation & Dataset Quality Pipeline\data\Chest_XRay_Dataset\xray_images\00000764_002.png
NEAR_DUPLICATE,4,00001161_000,C:\Users\manik\Downloads\Medical Image Annotation & Dataset Quality Pipeline\data\Chest_XRay_Dataset\xray_images\00001161_000.png,00001161_001,C:\Users\manik\Downloads\Medical Image Annotation & Dataset Quality Pipeline\data\Chest_XRay_Dataset\xray_images\00001161_001.png
NEAR_DUPLICATE,6,00000813_000,C:\Users\manik\Downloads\Medical Image Annotation & Dataset Quality Pipeline\data\Chest_XRay_Dataset\xray_images\00000813_000.png,00000927_000,C:\Users\manik\Downloads\Medical Image Annotation & Dataset Quality Pipeline\data\Chest_XRay_Dataset\xray_images\00000927_000.png
NEAR_DUPLICATE,6,00000469_001,C:\Users\manik\Downloads\Medical Image Annotation & Dataset Quality Pipeline\data\Chest_XRay_Dataset\xray_images\00000469_001.png,00000469_002,C:\Users\manik\Downloads\Medical Image Annotation & Dataset Quality Pipeline\data\Chest_XRay_Dataset\xray_images\00000469_002.png
NEAR_DUPLICATE,6,00001048_001,C:\Users\manik\Downloads\Medical Image Annotation & Dataset Quality Pipeline\data\Chest_XRay_Dataset\xray_images\00001048_001.png,00001304_006,C:\Users\manik\Downloads\Medical Image Annotation & Dataset Quality Pipeline\data\Chest_XRay_Dataset\xray_images\00001304_006.png
NEAR_DUPLICATE,6,00000318_007,C:\Users\manik\Downloads\Medical Image Annotation & Dataset Quality Pipeline\data\Chest_XRay_Dataset\xray_images\00000318_007.png,00000827_001,C:\Users\manik\Downloads\Medical Image Annotation & Dataset Quality Pipeline\data\Chest_XRay_Dataset\xray_images\00000827_001.png
