image_id,feature_cluster
00000013_005,3
00000013_026,3
00000017_001,2
00000030_001,0
00000032_001,2
00000040_003,2
00000042_002,3
00000057_001,3
00000061_002,5
00000061_019,3
00000061_025,3
00000079_000,2
00000080_005,4
00000083_000,2
00000084_000,0
00000096_006,0
00000099_003,7
00000099_006,6
00000103_001,0
00000116_013,3
00000116_019,2
00000116_032,2
00000116_040,2
00000118_011,0
00000121_004,3
00000127_007,3
00000132_002,5
00000154_001,0
00000165_008,0
00000175_001,3
00000175_002,2
00000181_001,2
00000181_017,3
00000181_035,2
00000188_001,0
00000194_004,0
00000206_000,2
00000231_005,0
00000232_000,5
00000239_003,0
00000242_000,5
00000243_001,2
00000246_003,3
00000246_004,3
00000246_011,5
00000246_016,2
00000246_018,5
00000248_020,3
00000250_005,2
00000251_000,2
00000265_004,0
00000268_001,3
00000269_001,2
00000272_003,0
00000276_000,5
00000277_002,0
00000278_000,2
00000289_001,4
00000318_004,2
00000324_001,0
00000334_005,0
00000359_002,0
00000359_006,0
00000360_008,5
00000362_001,0
00000370_003,2
00000372_002,2
00000376_007,2
00000390_000,2
00000415_002,3
00000417_001,3
00000422_003,5
00000422_005,0
00000432_000,2
00000439_000,0
00000443_000,0
00000444_001,3
00000450_001,3
00000459_004,3
00000459_037,2
00000467_013,3
00000468_005,5
00000468_007,6
00000468_015,2
00000468_045,2
00000473_000,0
00000479_000,0
00000490_000,0
00000491_004,6
00000508_000,2
00000521_000,2
00000524_001,2
00000531_001,0
00000531_003,2
00000531_005,0
00000545_000,0
00000545_004,2
00000549_002,0
00000549_003,0
00000554_000,7
00000556_000,0
00000569_005,0
00000580_001,4
00000580_007,0
00000583_016,2
00000598_000,5
00000599_000,6
00000612_000,2
00000618_007,3
00000621_011,5
00000623_009,0
00000627_010,2
00000627_017,2
00000627_033,2
00000627_036,5
00000632_011,0
00000632_012,0
00000634_008,0
00000642_000,0
00000643_001,3
00000649_000,2
00000652_005,0
00000662_001,0
00000676_003,0
00000682_001,0
00000709_000,3
00000727_002,0
00000727_004,3
00000733_003,5
00000737_000,0
00000742_000,2
00000743_003,0
00000744_003,2
00000751_000,5
00000758_000,2
00000764_000,2
00000766_002,2
00000779_001,2
00000781_006,0
00000790_000,0
00000797_004,3
00000805_001,4
00000807_000,2
00000809_001,2
00000814_005,5
00000816_000,2
00000820_003,2
00000832_005,2
00000835_000,5
00000861_002,5
00000865_004,3
00000869_006,0
00000872_006,0
00000877_017,2
00000877_023,3
00000882_005,2
00000887_003,4
00000901_003,0
00000906_000,2
00000910_000,0
00000915_004,2
00000938_004,3
00000946_000,3
00000954_005,2
00000957_000,2
00000957_001,5
00000963_011,3
00000974_002,5
00000974_008,0
00000981_002,0
00000996_001,0
00000996_002,4
00000997_000,2
00000997_004,2
00001006_002,5
00001006_012,5
00001006_026,3
00001006_028,0
00001018_000,0
00001034_004,3
00001043_004,5
00001045_003,3
00001045_004,3
00001047_002,0
00001047_003,0
00001075_003,3
00001075_004,5
00001075_015,3
00001075_046,5
00001077_002,0
00001086_001,0
00001087_000,4
00001088_010,3
00001088_018,0
00001091_000,0
00001093_008,0
00001096_001,0
00001100_002,3
00001101_002,3
00001101_018,3
00001101_022,3
00001104_011,6
00001104_012,5
00001106_000,5
00001120_000,2
00001138_000,2
00001143_002,2
00001146_000,2
00001148_001,2
00001149_000,5
00001150_000,3
00001153_004,2
00001160_000,2
00001170_054,2
00001173_000,2
00001187_002,0
00001187_006,0
00001194_006,0
00001203_005,5
00001206_002,2
00001208_004,3
00001214_000,0
00001230_007,5
00001248_005,4
00001248_017,4
00001249_002,2
00001249_010,6
00001253_003,7
00001255_017,6
00001255_018,6
00001255_033,6
00001256_007,0
00001260_000,2
00001270_005,0
00001272_000,4
00001278_005,5
00001278_012,3
00001280_002,2
00001280_004,0
00001294_000,7
00001297_001,2
00001301_008,3
00001301_013,2
00001301_020,3
00001301_021,3
00001301_036,3
00001301_047,3
00001301_048,3
00001303_000,6
00001335_001,2
00001338_002,6
00001347_002,5
00001362_000,0
00001363_000,5
00001373_002,0
00001373_009,2
00001373_010,3
00001373_021,3
00001373_026,2
00001373_052,3
00001385_000,2
00001385_004,2
00001394_001,0
00001402_000,5
00001404_001,2
00001409_002,2
00001426_000,0
00001429_007,5
00001437_003,0
00001437_042,3
00001437_043,3
00001445_003,0
00001450_000,2
00001483_014,5
00001483_020,3
00001483_022,3
00001483_023,5
00001485_003,5
00001487_000,0
00001497_000,2
00001500_001,3
00001501_008,2
00001504_009,0
00001517_005,2
00001518_000,0
00001521_000,2
00001526_007,3
00001529_004,5
00001543_000,5
00001547_005,0
00001558_003,3
00001558_005,5
00001558_008,2
00001558_018,0
00001562_001,0
00001581_001,2
00001582_004,2
00001583_001,0
00001586_000,2
00001589_001,2
00001592_000,2
00001595_003,1
00001609_002,2
00001616_000,5
00001626_000,4
00001629_000,5
00001634_005,0
00001637_002,2
00001640_000,6
00001643_000,3
00001650_011,0
00001654_003,0
00001657_000,4
00001661_000,0
00001677_000,3
00001678_004,5
00001684_025,2
00001686_001,1
00001689_004,2
00001689_014,3
00001692_000,4
00001697_000,2
00001698_004,3
00001700_008,0
00001715_002,0
00001717_000,2
00001718_002,2
00001734_007,2
00001736_013,0
00001748_007,3
00001775_001,0
00001782_000,2
00001788_007,3
00001790_001,2
00001792_001,3
00001797_002,0
00001799_001,5
00001816_001,2
00001821_000,0
00001828_000,4
00001833_005,2
00001836_004,6
00001836_016,2
00001836_048,3
00001836_069,2
00001836_074,2
00001836_076,2
00001836_100,2
00001847_004,2
00001855_007,0
00001855_023,6
00001855_030,5
00001872_014,0
00001900_038,0
00001906_002,3
00001907_000,0
00001912_002,0
00001913_000,2
00001931_001,2
00001931_022,2
00001935_000,2
00001936_000,2
00001943_000,5
00001946_003,0
00001946_027,3
00001950_001,2
00001951_000,3
00001958_004,3
00001958_014,3
00001968_000,7
00001970_003,0
00001972_001,2
00001974_011,6
00001977_000,2
00001977_003,0
00001982_000,0
00001984_011,0
00001989_001,3
00001989_002,4
00001989_012,5
00001990_002,0
00001992_012,0
00001993_000,5
00001996_001,2
00001998_000,0
00002003_005,5
00002003_006,2
00002003_008,5
00002015_000,3
00002015_005,3
00002032_004,5
00002032_014,7
00002046_003,0
00002048_009,0
00002048_010,5
00002048_013,0
00002048_015,2
00002054_002,0
00002058_004,4
00002058_032,3
00002066_014,5
00002094_000,2
00002106_001,6
00002107_000,4
00002115_001,5
00002117_008,2
00002119_001,2
00002122_000,5
00002122_002,5
00002156_000,3
00002156_004,0
00002163_000,5
00002165_003,0
00002173_000,4
00002183_000,0
00002193_000,2
00002208_009,2
00002212_002,4
00002218_004,5
00002221_000,2
00002243_007,2
00002251_003,0
00002259_000,0
00002271_001,2
00002278_000,5
00002288_007,0
00002290_000,0
00002290_003,3
00002299_009,0
00002300_004,0
00002300_016,2
00002300_044,3
00002316_001,4
00002317_000,5
00002331_001,2
00002339_009,3
00002344_000,0
00002345_000,3
00002351_001,2
00002354_000,6
00002355_002,5
00002355_006,0
00002359_008,3
00002359_018,5
00002360_005,5
00002371_007,0
00002381_006,2
00002382_000,2
00002387_006,7
00002395_007,2
00002395_016,3
00002395_021,2
00002395_029,3
00002395_036,2
00002397_001,5
00002400_000,2
00002403_000,0
00002405_003,5
00002407_001,0
00002411_013,0
00002412_000,3
00002424_010,0
00002425_000,0
00002425_001,0
00002437_000,2
00002437_047,3
00002457_002,0
00002466_006,2
00002469_000,2
00002479_002,2
00002482_004,0
00002484_002,2
00002486_000,0
00002491_004,0
00002491_007,3
00002492_001,2
00002492_005,4
00002502_000,0
00002505_001,5
00002505_018,2
00002510_010,2
00002524_013,2
00002524_032,0
00002524_033,5
00002529_020,6
00002529_026,3
00002533_003,3
00002537_002,2
00002543_000,2
00002547_006,4
00002547_007,2
00002548_002,4
00002552_000,2
00002553_000,2
00002570_001,2
00002570_004,2
00002570_007,2
00002571_000,0
00002594_005,5
00002597_000,2
00002608_001,3
00002611_010,3
00002615_000,2
00002623_000,4
00002625_003,2
00002627_000,0
00002632_000,2
00002633_005,0
00002638_000,0
00002639_008,2
00002639_010,2
00002649_013,5
00002659_001,2
00002673_007,5
00002673_019,3
00002674_000,0
00002678_007,5
00002688_002,2
00002702_001,6
00002702_002,3
00002704_005,0
00002704_015,2
00002706_004,5
00002712_000,2
00002714_001,2
00002716_000,2
00002718_004,2
00002719_001,2
00002720_004,0
00002725_000,3
00002735_001,2
00002739_000,2
00002739_001,2
00002740_001,2
00002745_000,2
00002748_001,2
00002749_000,2
00002760_000,2
00002763_002,2
00002765_003,2
00002775_007,0
00002777_000,2
00002790_003,2
00002798_001,2
00002799_000,2
00002800_003,0
00002803_002,2
00002806_003,5
00002816_001,0
00002817_012,5
00002835_003,0
00002843_003,2
00002847_004,0
00002854_000,0
00002856_014,4
00002856_026,5
00002860_002,2
00002860_016,2
00002860_024,2
00002878_004,5
00002883_001,2
00002892_001,2
00002892_007,2
00002898_001,2
00002913_000,7
00002913_001,5
00002919_004,5
00002923_000,3
00002927_002,4
00002927_003,5
00002939_000,2
00002957_002,2
00002961_000,2
00002980_001,0
00002980_002,5
00002981_003,4
00002986_002,5
00003006_000,2
00003007_000,2
00003011_001,2
00003011_004,5
00003022_006,0
00003028_004,0
00003028_038,2
00003028_051,3
00003029_020,3
00003030_003,0
00003040_000,2
00003043_000,2
00003045_003,0
00003053_001,3
00003053_003,3
00003056_003,0
00003064_032,2
00003064_045,0
00003064_046,2
00003064_050,0
00003076_000,0
00003076_001,0
00003079_000,2
00003084_001,2
00003094_005,5
00003098_004,0
00003109_000,3
00003109_007,2
00003109_011,3
00003122_015,0
00003122_017,0
00003124_000,2
00003129_000,2
00003129_001,2
00003129_004,0
00003129_009,3
00003129_011,0
00003135_000,2
00003140_007,3
00003159_001,2
00003169_001,5
00003177_002,0
00003186_004,2
00003186_005,2
00003190_018,5
00003191_001,4
00003198_002,2
00003198_005,6
00003198_009,2
00003205_002,0
00003212_000,2
00003221_002,0
00003230_000,0
00003230_012,0
00003239_001,0
00003269_007,3
00003282_001,2
00003292_007,2
00003292_009,2
00003294_000,2
00003295_000,2
00003296_000,2
00003296_002,0
00003303_000,2
00003306_000,2
00003319_000,2
00003319_001,0
00003332_000,2
00003343_000,0
00003361_005,2
00003364_001,2
00003371_001,2
00003381_001,2
00003382_008,3
00003392_015,2
00003392_039,3
00003393_001,2
00003393_008,2
00003393_020,2
00003393_021,2
00003393_050,2
00003395_005,0
00003407_007,0
00003421_007,2
00003426_007,2
00003426_008,2
00003426_029,0
00003426_034,0
00003438_001,6
00003446_000,2
00003459_017,2
00003459_023,2
00003461_000,2
00003465_004,1
00003466_000,0
00003478_008,2
00003482_001,2
00003499_001,4
00003501_002,2
00003503_000,2
00003510_014,3
00003513_003,2
00003513_008,3
00003516_003,0
00003520_002,0
00003523_012,3
00003523_027,3
00003527_003,2
00003527_013,0
00003529_002,0
00003534_011,3
00003534_027,3
00003534_036,3
00003535_010,3
00003535_021,3
00003550_000,2
00003573_003,2
00003574_012,0
00003610_020,0
00003621_000,0
00003631_000,2
00003635_002,2
00003635_004,2
00003640_001,3
00003649_001,3
00003659_011,0
00003659_013,5
00003673_000,2
00003675_000,0
00003678_001,2
00003681_005,2
00003685_004,2
00003688_002,2
00003689_002,2
00003717_001,2
00003719_006,0
00003722_019,0
00003733_001,4
00003741_002,0
00003754_001,2
00003758_002,5
00003770_001,3
00003770_002,0
00003771_000,2
00003778_000,2
00003787_002,0
00003789_000,2
00003789_002,2
00003794_000,2
00003801_002,5
00003822_001,0
00003834_000,0
00003837_002,0
00003837_008,0
00003838_000,0
00003839_001,0
00003843_000,2
00003856_000,3
00003867_010,3
00003867_012,0
00003868_001,2
00003868_006,0
00003875_000,2
00003875_011,2
00003890_000,2
00003894_009,0
00003895_000,2
00003896_005,5
00003899_002,5
00003900_000,5
00003917_000,2
00003919_000,2
00003919_001,5
00003923_018,2
00003940_004,2
00003940_006,2
00003951_000,2
00003957_002,6
00003970_002,2
00003989_020,3
00003989_024,5
00003995_000,2
00003996_000,2
00003996_016,3
00004001_001,5
00004006_026,2
00004006_053,0
00004007_008,0
00004008_000,5
00004009_000,0
00004048_012,6
00004061_000,2
00004065_008,2
00004065_011,2
00004066_002,2
00004066_005,2
00004067_000,2
00004069_002,4
00004074_000,4
00004075_000,2
00004082_011,0
00004086_000,2
00004088_001,2
00004090_000,4
00004090_001,2
00004090_002,2
00004091_000,2
00004092_000,0
00004102_001,2
00004103_001,2
00004111_000,2
00004121_004,3
00004125_000,2
00004132_006,0
00004135_000,2
00004144_002,5
00004144_006,0
00004145_000,0
00004153_001,5
00004156_002,2
00004158_001,0
00004163_003,2
00004163_006,2
00004168_004,0
00004169_000,6
00004188_008,2
00004188_011,0
00004192_000,2
00004195_004,3
00004203_000,0
00004205_014,5
00004209_002,2
00004251_000,0
00004267_000,0
00004268_007,3
00004270_000,0
00004273_000,0
00004281_000,2
00004298_000,4
00004328_003,2
00004338_002,2
00004339_001,2
00004339_003,0
00004340_005,2
00004341_000,2
00004342_006,5
00004342_008,2
00004342_016,3
00004342_020,0
00004342_024,3
00004342_051,3
00004344_023,2
00004344_037,0
00004344_042,5
00004344_043,2
00004360_002,2
00004360_010,2
00004360_023,2
00004366_003,3
00004374_000,2
00004381_014,3
00004381_015,0
00004381_038,2
00004381_039,3
00004381_045,0
00004392_000,2
00004395_000,2
00004401_000,0
00004402_006,0
00004402_008,3
00004415_000,2
00004418_002,0
00004427_001,3
00004428_002,2
00004435_014,2
00004435_020,2
00004442_002,2
00004461_015,3
00004461_017,0
00004464_001,2
00004469_000,2
00004490_006,2
00004507_000,2
00004508_003,5
00004509_000,0
00004519_016,0
00004526_007,4
00004533_025,3
00004549_001,2
00004555_000,2
00004556_000,2
00004574_000,2
00004577_009,0
00004579_004,0
00004584_000,5
00004592_000,2
00004594_002,2
00004604_001,2
00004605_019,0
00004606_000,2
00004613_003,5
00004614_000,2
00004633_000,2
00004639_002,0
00004656_002,2
00004659_000,2
00004661_000,0
00004682_001,4
00004682_003,2
00004699_001,7
00004717_000,0
00004736_000,0
00004737_008,0
00004737_010,5
00004737_016,5
00004745_002,2
00004746_018,3
00004746_025,0
00004750_000,2
00004750_004,2
00004761_002,4
00004787_002,2
00004795_000,2
00004798_008,2
00004800_003,2
00004808_022,2
00004808_031,2
00004809_000,2
00004809_003,2
00004809_005,2
00004815_000,2
00004819_003,2
00004822_007,5
00004822_025,5
00004822_039,3
00004822_048,0
00004822_053,3
00004824_000,0
00004824_003,0
00004824_015,0
00004832_003,3
00004832_004,3
00004840_000,2
00004843_004,0
00004844_000,2
00004850_008,5
00004856_000,2
00004858_016,2
00004858_045,5
00004858_052,0
00004858_058,5
00004858_070,5
00004858_082,5
00004858_084,3
00004858_086,0
00004866_000,2
00004867_000,2
00004878_000,2
00004893_020,5
00004893_022,2
00004893_036,2
00004893_054,0
00004893_058,2
00004893_074,3
00004898_004,2
00004902_000,4
00004904_013,2
00004911_028,2
00004911_033,5
00004915_001,2
00004925_003,2
00004929_000,2
00004931_019,0
00004937_002,2
00004948_001,2
00004959_005,0
00004959_007,3
00004962_000,2
00004973_001,2
00004975_004,5
00004978_005,0
00004980_000,2
00004992_000,2
00004992_007,2
00004995_000,2
00004998_000,2
00005002_002,2
00005026_000,2
00005026_015,0
00005029_003,2
00005049_001,0
00005051_003,2
00005053_001,0
00005064_000,5
00005066_009,2
00005066_011,0
00005066_020,0
00005066_052,3
00005066_058,0
00005066_065,3
00005067_006,2
00005069_021,5
00005089_020,2
00005089_048,0
00005094_003,3
00005107_000,2
00005119_002,2
00005132_000,2
00005138_012,0
00005140_001,3
00005147_000,2
00005171_000,2
00005177_000,2
00005191_002,0
00005200_001,2
00005200_007,2
00005202_000,2
00005204_001,6
00005215_000,0
00005218_002,2
00005218_012,2
00005218_013,2
00005218_020,2
00005220_005,2
00005220_007,2
00005222_000,2
00005225_000,0
00005226_001,5
00005236_000,2
00005243_000,0
00005248_001,2
00005254_008,2
00005259_003,2
00005262_002,5
00005267_001,0
00005270_001,0
00005274_001,5
00005288_003,3
00005295_000,2
00005298_005,6
00005298_013,5
00005306_000,0
00005311_005,2
00005314_000,2
00005315_000,2
00005361_000,2
00005365_002,3
00005372_005,2
00005372_009,2
00005378_000,2
00005378_001,2
00005379_000,2
00005391_000,0
00005391_002,3
00005395_007,6
00005400_006,2
00005400_008,2
00005401_007,5
00005403_000,2
00005403_027,2
00005418_009,2
00005421_001,5
00005434_001,2
00005448_001,2
00005448_004,2
00005448_008,2
00005448_019,2
00005456_000,3
00005456_008,0
00005460_000,2
00005460_011,2
00005476_002,2
00005478_000,2
00005483_001,2
00005493_001,2
00005496_000,2
00005499_003,2
00005502_015,2
00005504_000,2
00005504_011,2
00005504_013,2
00005515_005,2
00005520_010,6
00005525_000,2
00005532_024,3
00005532_046,0
00005537_012,2
00005538_001,2
00005562_001,0
00005586_000,2
00005586_001,5
00005595_000,2
00005602_003,5
00005612_000,0
00005638_003,3
00005641_001,2
00005643_001,2
00005646_019,3
00005665_001,0
00005671_000,2
00005680_003,2
00005681_018,3
00005681_032,3
00005682_006,2
00005682_009,2
00005682_011,2
00005684_000,2
00005694_004,2
00005698_001,2
00005701_000,2
00005712_002,0
00005712_015,2
00005712_020,2
00005712_024,3
00005721_003,2
00005722_000,2
00005722_004,2
00005722_014,0
00005723_007,2
00005726_007,2
00005741_002,0
00005742_001,2
00005742_009,2
00005746_003,2
00005749_000,1
00005750_000,2
00005750_020,4
00005759_000,2
00005759_005,0
00005759_007,2
00005759_010,2
00005763_000,3
00005768_007,5
00005770_001,2
00005773_003,2
00005778_031,0
00005797_000,3
00005801_002,0
00005801_005,6
00005807_001,0
00005810_000,2
00005815_005,2
00005832_035,2
00005835_004,2
00005845_002,2
00005852_004,0
00005853_006,2
00005876_000,2
00005889_000,0
00005892_017,5
00005895_024,5
00005908_000,2
00005909_003,0
00005916_004,2
00005920_005,2
00005936_007,2
00005944_000,2
00005963_023,2
00005966_010,0
00005970_006,2
00005982_002,4
00005982_010,3
00005986_004,2
00005986_009,2
00005994_000,5
00006008_001,0
00006011_003,5
00006015_002,2
00006024_007,2
00006024_009,2
00006024_010,3
00006027_000,6
00006035_003,2
00006039_001,5
00006040_004,2
00006040_008,5
00006055_003,5
00006058_002,2
00006098_001,2
00006102_003,0
00006102_007,2
00006102_022,0
00006121_000,0
00006144_001,0
00006159_003,0
00006160_001,2
00006180_001,1
00006192_002,0
00006195_002,2
00006195_007,2
00006199_010,2
00006199_016,2
00006210_005,0
00006212_005,2
00006215_000,2
00006215_004,2
00006237_011,2
00006237_018,2
00006249_003,2
00006255_006,2
00006258_000,2
00006269_000,2
00006270_006,5
00006271_014,2
00006271_018,2
00006271_026,2
00006271_037,2
00006271_066,2
00006271_095,2
00006271_096,2
00006281_002,2
00006294_006,1
00006296_006,2
00006296_012,2
00006296_029,2
00006298_004,0
00006300_000,2
00006302_000,2
00006304_011,3
00006315_008,2
00006318_006,2
00006323_009,2
00006329_014,2
00006332_006,2
00006338_002,2
00006338_003,2
00006344_002,6
00006351_000,0
00006352_000,2
00006370_000,2
00006372_002,2
00006372_005,2
00006383_009,2
00006391_000,6
00006406_000,2
00006409_000,5
00006411_008,2
00006413_002,2
00006413_003,2
00006417_000,0
00006424_000,2
00006425_006,2
00006434_003,2
00006439_000,2
00006446_004,2
00006449_001,2
00006450_010,0
00006462_010,2
00006468_003,2
00006479_001,5
00006481_009,2
00006481_019,2
00006481_024,2
00006484_000,2
00006499_007,0
00006500_002,0
00006504_005,6
00006504_006,6
00006514_000,2
00006517_003,2
00006519_005,2
00006519_009,2
00006519_024,2
00006519_026,2
00006522_001,2
00006522_005,0
00006525_000,2
00006527_001,2
00006535_002,2
00006537_000,2
00006569_000,2
00006574_000,2
00006583_003,2
00006588_005,2
00006593_000,2
00006605_018,2
00006618_000,0
00006624_002,0
00006626_005,2
00006626_006,0
00006632_004,5
00006637_000,2
00006642_014,0
00006642_043,2
00006653_000,2
00006653_006,2
00006660_000,2
00006667_001,2
00006667_004,2
00006670_000,2
00006673_000,2
00006676_001,2
00006681_000,2
00006684_000,0
00006691_000,2
00006695_002,2
00006695_004,2
00006706_001,2
00006713_005,2
00006718_000,2
00006720_005,2
00006720_006,2
00006720_015,2
00006725_002,5
00006725_004,7
00006727_001,2
00006731_002,2
00006736_009,2
00006738_006,5
00006739_004,0
00006741_000,0
00006752_003,2
00006752_006,2
00006754_003,2
00006762_004,0
00006763_002,2
00006767_001,0
00006769_003,2
00006769_010,5
00006787_000,2
00006788_002,2
00006794_004,2
00006802_000,2
00006808_035,2
00006818_007,2
00006821_005,2
00006841_002,2
00006841_007,2
00006843_000,2
00006854_000,2
00006856_006,2
00006866_001,0
00006875_008,3
00006875_016,5
00006903_001,5
00006905_001,2
00006906_020,2
00006906_021,0
00006925_004,2
00006925_007,2
00006926_010,0
00006936_003,0
00006936_004,0
00006941_007,2
00006942_000,2
00006944_002,2
00006948_000,2
00006949_001,2
00006952_006,2
00006952_008,2
00006952_011,0
00006953_003,2
00006959_002,3
00006966_000,4
00006968_004,2
00006970_004,0
00006973_002,2
00006973_006,2
00006973_008,2
00006980_000,2
00006981_007,0
00006981_012,2
00006985_006,0
00006992_000,2
00006996_004,2
00007001_000,0
00007007_001,2
00007007_016,2
00007008_004,0
00007018_007,2
00007018_013,3
00007018_027,0
00007026_000,2
00007034_012,4
00007034_016,4
00007034_021,3
00007034_039,3
00007034_048,3
00007040_000,3
00007056_007,5
00007058_001,0
00007060_020,0
00007061_006,2
00007075_001,2
00007078_002,2
00007090_004,0
00007093_006,2
00007093_020,0
00007098_006,2
00007109_006,5
00007109_013,3
00007109_014,3
00007109_021,0
00007113_000,2
00007120_015,5
00007121_003,0
00007124_000,2
00007126_000,2
00007131_000,2
00007133_008,2
00007138_011,0
00007144_000,2
00007151_000,0
00007154_001,0
00007157_011,5
00007157_032,2
00007161_000,2
00007168_001,0
00007169_003,2
00007179_001,0
00007193_007,0
00007193_012,0
00007195_003,2
00007207_003,0
00007212_006,2
00007216_000,2
00007221_000,2
00007229_000,0
00007244_001,2
00007245_001,2
00007258_000,2
00007273_000,2
00007285_004,2
00007286_005,2
00007286_013,2
00007298_002,5
00007302_000,2
00007304_002,4
00007316_000,2
00007322_012,2
00007322_015,2
00007322_016,2
00007322_019,2
00007322_021,4
00007322_030,4
00007328_012,2
00007330_001,2
00007335_000,2
00007339_003,0
00007340_000,2
00007340_005,0
00007352_000,2
00007354_020,2
00007356_002,0
00007372_000,0
00007374_001,2
00007390_012,2
00007395_000,0
00007405_002,2
00007406_003,2
00007407_001,0
00007410_000,2
00007417_005,2
00007428_006,2
00007430_002,2
00007438_000,1
00007441_000,2
00007442_008,6
00007442_016,2
00007444_003,0
00007460_000,2
00007482_014,2
00007483_000,0
00007485_000,0
00007491_000,2
00007498_000,2
00007500_001,6
00007501_003,2
00007506_001,2
00007506_007,2
00007519_003,2
00007520_004,2
00007523_013,0
00007526_022,0
00007526_029,3
00007526_034,3
00007531_000,0
00007534_004,2
00007540_000,0
00007548_000,2
00007551_007,2
00007558_006,2
00007564_002,0
00007566_001,2
00007576_015,2
00007589_001,2
00007620_001,4
00007620_009,3
00007621_003,2
00007622_000,5
00007624_014,2
00007624_020,2
00007658_002,2
00007658_004,2
00007666_000,6
00007668_008,2
00007670_002,2
00007670_008,5
00007670_014,5
00007676_012,2
00007678_001,0
00007679_010,5
00007712_002,0
00007716_003,0
00007717_001,2
00007728_001,2
00007728_016,3
00007729_000,0
00007729_003,2
00007730_001,0
00007731_004,5
00007735_027,3
00007735_041,2
00007745_002,0
00007775_000,2
00007779_004,2
00007781_000,0
00007803_000,5
00007806_000,0
00007808_001,2
00007810_006,2
00007810_008,0
00007816_001,3
00007816_006,5
00007816_007,3
00007827_000,2
00007830_002,1
00007830_003,5
00007857_001,2
00007861_000,2
00007864_002,2
00007864_011,0
00007870_002,0
00007882_002,5
00007885_004,2
00007886_012,0
00007890_000,0
00007903_002,2
00007906_000,2
00007916_005,2
00007917_001,0
00007920_004,2
00007932_011,2
00007945_000,0
00007955_000,0
00007963_002,2
00007969_000,0
00007969_001,5
00007972_000,0
00007976_000,2
00007980_001,0
00007992_002,2
00008002_000,2
00008004_009,2
00008005_001,0
00008007_001,3
00008008_017,3
00008008_025,3
00008008_030,3
00008008_031,3
00008008_053,7
00008008_054,5
00008008_059,0
00008008_065,7
00008008_068,7
00008009_000,0
00008009_040,2
00008010_000,2
00008013_001,2
00008015_000,3
00008024_000,0
00008036_000,2
00008036_004,2
00008040_003,0
00008046_015,5
00008051_003,0
00008051_012,2
00008051_014,2
00008051_016,2
00008056_003,2
00008056_009,0
00008062_001,0
00008062_006,0
00008067_006,2
00008067_018,2
00008067_026,2
00008081_000,2
00008081_006,2
00008084_002,5
00008095_003,2
00008105_001,2
00008111_000,2
00008127_001,0
00008128_000,2
00008142_003,2
00008147_010,2
00008154_000,0
00008168_009,0
00008177_000,5
00008183_000,0
00008188_001,2
00008190_006,3
00008195_000,2
00008198_003,2
00008211_000,0
00008216_002,0
00008230_018,0
00008230_022,5
00008232_012,2
00008233_003,2
00008253_001,0
00008258_001,2
00008267_000,2
00008276_001,2
00008287_002,2
00008291_000,0
00008295_009,3
00008295_012,4
00008295_021,2
00008297_001,2
00008303_000,0
00008304_007,7
00008309_003,0
00008309_015,3
00008322_000,2
00008328_005,0
00008335_000,0
00008339_001,2
00008342_013,2
00008343_000,0
00008346_000,5
00008348_001,0
00008357_000,0
00008381_003,2
00008385_000,0
00008387_002,2
00008391_000,0
00008397_003,2
00008399_006,0
00008401_004,2
00008402_005,2
00008405_000,0
00008415_000,0
00008426_001,5
00008433_001,2
00008438_000,5
00008445_003,5
00008451_004,5
00008451_012,2
00008451_016,2
00008463_001,6
00008466_000,2
00008468_022,5
00008468_065,0
00008470_008,2
00008480_000,0
00008489_003,2
00008498_000,2
00008499_004,2
00008515_005,5
00008518_001,2
00008518_002,5
00008522_002,2
00008522_017,2
00008522_025,2
00008535_012,0
00008551_000,0
00008554_010,0
00008556_000,0
00008565_000,6
00008566_009,2
00008566_012,2
00008570_002,2
00008573_000,2
00008584_000,2
00008592_002,2
00008626_019,2
00008626_024,0
00008626_029,0
00008636_003,2
00008675_005,0
00008678_005,5
00008687_000,0
00008690_000,0
00008691_006,5
00008694_002,5
00008697_002,0
00008701_004,0
00008701_011,2
00008701_035,2
00008701_049,2
00008707_002,2
00008708_008,0
00008708_010,5
00008713_002,3
00008716_000,5
00008720_000,0
00008724_000,5
00008727_013,5
00008729_002,2
00008734_001,6
00008741_007,5
00008748_006,2
00008748_012,7
00008749_002,2
00008756_000,2
00008763_001,2
00008763_004,2
00008769_000,0
00008774_002,2
00008777_002,0
00008796_000,2
00008797_000,0
00008802_008,0
00008806_009,5
00008835_002,2
00008841_001,5
00008841_016,3
00008841_017,5
00008841_028,3
00008841_051,3
00008841_054,0
00008842_003,2
00008860_004,2
00008865_000,0
00008866_004,0
00008866_005,2
00008871_001,2
00008885_009,0
00008888_014,0
00008888_047,5
00008888_050,0
00008897_001,0
00008903_000,5
00008911_006,2
00008911_022,2
00008911_028,2
00008925_001,0
00008944_003,3
00008962_001,6
00008964_002,2
00009006_000,0
00009012_008,0
00009016_003,0
00009021_003,0
00009024_000,0
00009026_000,2
00009043_000,0
00009051_002,5
00009053_000,0
00009067_003,2
00009067_005,2
00009079_001,2
00009101_000,2
00009107_004,3
00009138_000,2
00009138_004,2
00009138_022,2
00009140_002,0
00009147_000,2
00009156_000,0
00009161_000,0
00009189_007,5
00009193_001,2
00009218_000,2
00009218_018,3
00009218_030,2
00009225_000,0
00009229_020,3
00009231_004,0
00009231_007,0
00009231_008,6
00009231_011,2
00009234_002,2
00009239_011,2
00009242_000,0
00009248_000,0
00009256_005,2
00009281_006,5
00009281_012,0
00009281_014,0
00009297_013,2
00009305_000,4
00009321_008,2
00009321_009,5
00009321_013,2
00009325_002,2
00009328_000,0
00009334_000,2
00009336_006,2
00009341_000,5
00009342_008,5
00009349_014,2
00009358_004,0
00009363_000,0
00009365_024,2
00009365_026,2
00009366_000,5
00009368_008,0
00009378_008,0
00009380_010,7
00009386_006,3
00009397_012,2
00009401_001,2
00009403_005,2
00009403_010,2
00009404_000,2
00009428_000,5
00009435_000,3
00009437_006,4
00009437_010,2
00009437_011,3
00009438_000,7
00009446_000,0
00009453_003,0
00009453_004,0
00009458_000,2
00009465_002,0
00009473_001,5
00009482_000,2
00009488_000,0
00009501_000,0
00009507_008,3
00009507_017,0
00009517_000,2
00009518_000,0
00009524_008,5
00009526_000,0
00009526_003,0
00009527_005,2
00009531_000,2
00009549_001,0
00009551_010,2
00009552_000,0
00009566_000,5
00009566_003,0
00009574_001,5
00009574_017,0
00009574_024,0
00009574_030,0
00009584_000,0
00009595_000,0
00009599_000,0
00009600_003,0
00009600_009,2
00009606_011,5
00009608_014,3
00009608_035,0
00009608_042,0
00009613_003,0
00009613_006,5
00009632_000,0
00009633_000,0
00009640_005,5
00009642_000,2
00009643_000,2
00009664_000,2
00009665_002,2
00009691_010,0
00009702_002,3
00009709_010,0
00009710_004,2
00009710_010,2
00009716_000,2
00009717_001,0
00009723_000,0
00009727_002,0
00009727_017,5
00009727_021,6
00009727_025,5
00009727_029,2
00009727_037,6
00009736_008,2
00009736_016,5
00009746_000,0
00009759_002,5
00009768_002,2
00009769_001,0
00009771_000,3
00009796_000,3
00009798_000,5
00009798_014,5
00009798_019,0
00009798_025,0
00009804_000,6
00009806_000,0
00009819_000,0
00009829_000,2
00009838_001,3
00009842_003,0
00009845_026,0
00009845_055,0
00009855_001,7
00009860_000,2
00009863_007,2
00009867_005,2
00009871_000,2
00009876_000,0
00009882_001,0
00009889_003,0
00009889_040,5
00009890_002,2
00009892_001,5
00009892_016,3
00009892_040,2
00009892_049,0
00009910_000,5
00009911_005,2
00009912_000,3
00009912_001,2
00009916_001,2
00009917_006,3
00009925_012,3
00009925_028,0
00009925_041,5
00009925_042,0
00009931_000,2
00009932_001,5
00009934_001,2
00009938_003,0
00009953_002,5
00009953_025,2
00009953_026,2
00009953_035,3
00009959_006,4
00009962_003,0
00009973_003,2
00009992_002,0
00009993_000,2
00009993_004,2
00009995_016,5
00009996_014,0
00009997_000,0
00010007_010,2
00010007_029,2
00010007_055,0
00010007_057,2
00010007_087,3
00010007_125,2
00010007_133,2
00010007_157,2
00010007_164,3
00010007_169,3
00010007_177,3
00010012_011,3
00010012_013,0
00010012_017,2
00010012_034,5
00010020_009,2
00010032_007,0
00010032_010,2
00010049_001,3
00010058_001,0
00010060_038,2
00010060_042,2
00010065_000,5
00010092_000,0
00010092_027,5
00010092_036,5
00010092_039,5
00010092_042,3
00010092_051,0
00010093_001,2
00010103_010,5
00010104_005,0
00010108_000,0
00010119_000,2
00010120_004,7
00010120_020,0
00010123_003,2
00010133_000,0
00010162_000,2
00010165_003,2
00010166_000,0
00010172_000,0
00010176_000,2
00010188_005,2
00010198_011,0
00010204_000,0
00010222_008,0
00010225_000,7
00010250_000,0
00010270_006,3
00010274_000,0
00010284_000,2
00010293_001,0
00010294_006,2
00010294_008,3
00010294_009,2
00010294_050,2
00010294_052,2
00010297_002,0
00010305_000,2
00010306_006,0
00010314_002,2
00010315_004,0
00010334_005,0
00010335_000,7
00010340_001,0
00010346_001,2
00010350_018,3
00010352_025,3
00010352_035,5
00010352_046,0
00010358_000,5
00010365_008,2
00010367_010,5
00010373_000,0
00010380_008,2
00010380_009,2
00010384_013,6
00010384_029,5
00010398_000,5
00010398_001,2
00010403_000,2
00010417_001,0
00010426_000,0
00010427_015,2
00010432_000,0
00010433_003,0
00010443_000,0
00010444_002,0
00010445_001,0
00010447_004,2
00010448_000,0
00010449_004,2
00010449_005,7
00010452_000,2
00010454_002,5
00010460_000,6
00010475_040,5
00010478_001,5
00010478_011,3
00010479_009,3
00010479_010,3
00010481_017,2
00010481_021,0
00010505_019,3
00010506_001,0
00010507_000,0
00010509_004,0
00010512_001,0
00010513_001,2
00010521_002,0
00010530_010,2
00010530_020,0
00010530_029,0
00010531_009,3
00010531_010,2
00010531_022,0
00010531_069,3
00010533_000,0
00010544_032,2
00010548_000,5
00010548_003,4
00010548_007,7
00010548_009,0
00010550_000,2
00010552_005,0
00010555_003,0
00010563_010,0
00010563_016,3
00010579_000,0
00010582_009,5
00010583_015,0
00010583_016,5
00010585_015,5
00010585_018,5
00010601_004,0
00010607_004,2
00010613_009,0
00010613_014,5
00010618_001,3
00010620_001,0
00010623_000,0
00010625_002,5
00010634_001,5
00010634_004,0
00010640_001,5
00010642_000,5
00010652_004,2
00010664_002,5
00010664_003,7
00010672_004,0
00010687_000,2
00010695_007,0
00010695_013,5
00010697_009,0
00010698_014,5
00010698_030,2
00010698_035,2
00010700_002,2
00010718_002,2
00010723_006,2
00010723_009,0
00010734_000,0
00010737_023,0
00010740_002,3
00010741_015,2
00010749_000,0
00010752_003,0
00010752_007,2
00010758_015,0
00010767_008,3
00010767_011,2
00010771_002,0
00010772_007,0
00010773_013,2
00010775_004,5
00010775_009,5
00010780_002,2
00010785_003,5
00010790_006,2
00010790_007,2
00010790_035,5
00010798_000,0
00010805_012,1
00010805_015,1
00010805_018,1
00010805_036,6
00010805_037,1
00010812_000,7
00010814_006,5
00010815_003,0
00010815_006,0
00010815_009,2
00010815_021,0
00010815_022,2
00010815_023,3
00010828_009,0
00010828_032,0
00010835_000,0
00010836_000,7
00010841_009,5
00010842_001,0
00010843_000,1
00010846_000,5
00010850_000,0
00010850_001,0
00010864_015,0
00010870_000,0
00010887_026,3
00010888_007,0
00010905_013,3
00010910_000,0
00010914_009,2
00010926_000,0
00010936_012,3
00010940_000,0
00010953_000,0
00010953_011,5
00010959_000,0
00010967_011,0
00010973_008,2
00010990_002,3
00010992_009,0
00010995_001,7
00010996_003,3
00011010_009,0
00011019_000,5
00011021_006,3
00011021_022,3
00011041_000,5
00011048_001,0
00011051_000,0
00011053_001,2
00011054_000,7
00011062_005,0
00011062_007,2
00011065_007,0
00011087_001,5
00011104_004,0
00011104_011,0
00011110_000,0
00011115_000,0
00011116_000,5
00011121_000,0
00011121_001,0
00011125_000,5
00011130_008,3
00011135_000,7
00011136_020,2
00011140_012,2
00011140_014,2
00011140_015,2
00011144_022,0
00011151_004,2
00011153_000,5
00011154_002,5
00011161_000,0
00011163_000,5
00011167_008,3
00011167_013,0
00011174_008,0
00011178_003,0
00011193_001,0
00011193_003,5
00011199_000,0
00011211_009,0
00011225_000,5
00011226_028,3
00011226_031,5
00011234_000,0
00011237_017,5
00011237_087,2
00011249_000,0
00011251_010,2
00011272_002,2
00011291_002,2
00011304_001,0
00011306_000,3
00011315_001,0
00011327_001,0
00011328_004,5
00011328_005,2
00011355_009,4
00011355_012,3
00011355_018,4
00011365_002,2
00011375_000,0
00011379_000,6
00011379_024,7
00011379_028,1
00011379_029,5
00011379_033,0
00011379_037,6
00011379_039,6
00011380_020,0
00011385_002,5
00011387_000,0
00011391_013,2
00011391_044,0
00011391_062,2
00011394_004,5
00011395_000,6
00011396_001,2
00011402_016,0
00011405_000,0
00011408_000,5
00011411_000,0
00011424_004,2
00011424_006,0
00011425_003,2
00011428_006,0
00011431_000,6
00011432_001,0
00011436_004,6
00011442_000,0
00011446_003,2
00011446_009,2
00011454_003,3
00011460_021,6
00011460_044,5
00011460_051,5
00011463_000,0
00011470_009,3
00011481_011,5
00011485_004,2
00011495_004,0
00011497_000,0
00011504_015,5
00011504_028,0
00011514_006,5
00011520_002,2
00011523_000,0
00011538_002,0
00011544_021,2
00011548_019,0
00011553_008,1
00011553_015,1
00011553_031,1
00011558_001,5
00011558_007,0
00011558_008,3
00011559_000,7
00011571_012,2
00011575_000,0
00011579_007,2
00011580_000,0
00011588_000,0
00011591_000,0
00011597_003,0
00011598_007,0
00011598_013,3
00011598_015,3
00011598_038,3
00011606_009,2
00011606_014,2
00011619_007,2
00011619_008,3
00011622_000,2
00011622_007,5
00011632_003,2
00011632_022,2
00011632_030,2
00011640_000,0
00011654_004,0
00011655_000,5
00011669_001,0
00011678_000,0
00011681_000,0
00011683_037,3
00011683_038,0
00011683_049,3
00011683_059,5
00011693_000,2
00011695_003,2
00011700_001,2
00011702_029,2
00011702_043,6
00011702_045,2
00011702_070,2
00011702_075,2
00011717_000,0
00011719_022,0
00011723_001,2
00011723_013,3
00011723_025,0
00011723_029,3
00011723_040,3
00011731_002,6
00011731_006,3
00011740_001,5
00011744_000,0
00011749_000,5
00011751_003,3
00011752_016,2
00011753_000,0
00011768_000,2
00011770_004,5
00011771_000,6
00011771_002,0
00011785_000,3
00011785_002,5
00011786_000,0
00011793_004,5
00011794_004,2
00011802_000,0
00011804_000,0
00011804_012,6
00011808_014,5
00011808_018,5
00011808_019,5
00011810_007,0
00011811_000,0
00011814_009,5
00011822_002,5
00011831_007,0
00011831_008,0
00011831_010,0
00011832_002,2
00011837_008,5
00011837_015,5
00011838_000,0
00011839_000,0
00011845_008,0
00011847_001,0
00011857_013,0
00011872_000,0
00011873_008,0
00011874_000,0
00011884_001,3
00011890_001,0
00011891_000,0
00011896_004,5
00011898_000,0
00011904_000,5
00011906_002,3
00011925_004,2
00011925_008,2
00011925_009,2
00011925_010,2
00011925_014,2
00011925_019,2
00011925_049,3
00011925_054,2
00011939_001,0
00011944_000,5
00011948_007,2
00011949_000,5
00011955_000,2
00011959_005,0
00011959_007,0
00011962_000,3
00011966_022,0
00011967_006,5
00011972_000,0
00011973_013,3
00011985_008,3
00011988_001,5
00011993_000,5
00012010_008,0
00012011_000,3
00012018_015,5
00012020_002,5
00012020_012,0
00012021_000,2
00012021_026,2
00012021_037,2
00012021_053,5
00012021_058,2
00012021_072,5
00012021_082,3
00012023_000,0
00012043_004,2
00012043_007,5
00012045_006,2
00012045_008,5
00012045_018,2
00012045_039,2
00012045_049,0
00012050_000,0
00012054_000,0
00012055_000,0
00012060_006,3
00012079_003,5
00012082_001,5
00012086_007,0
00012086_011,5
00012087_042,0
00012089_010,5
00012092_001,0
00012093_002,2
00012094_022,0
00012094_024,5
00012094_048,0
00012098_000,0
00012107_000,4
00012113_000,5
00012116_001,0
00012116_003,3
00012120_000,5
00012130_002,0
00012132_002,2
00012132_003,0
00012134_002,3
00012136_000,5
00012139_000,6
00012141_004,5
00012144_014,2
00012144_022,2
00012144_028,0
00012146_002,2
00012146_005,7
00012146_006,7
00012158_025,0
00012159_003,6
00012161_008,5
00012161_014,3
00012163_002,5
00012166_000,3
00012174_000,5
00012175_001,5
00012176_012,0
00012178_005,0
00012184_000,6
00012184_005,5
00012189_000,2
00012215_001,5
00012222_001,0
00012227_001,0
00012238_002,0
00012260_000,0
00012270_006,7
00012273_001,5
00012276_015,6
00012276_017,6
00012278_004,2
00012280_014,2
00012283_000,0
00012284_000,5
00012291_012,3
00012291_013,3
00012294_010,0
00012298_011,5
00012304_002,0
00012304_006,3
00012304_008,6
00012320_003,3
00012320_004,0
00012322_000,0
00012324_000,0
00012340_000,0
00012348_003,2
00012364_003,3
00012364_015,3
00012364_024,0
00012364_056,2
00012365_000,6
00012370_001,3
00012378_000,0
00012406_001,0
00012413_007,2
00012414_000,5
00012428_003,2
00012430_000,5
00012431_000,5
00012431_005,2
00012437_000,7
00012443_000,5
00012470_003,1
00012470_005,6
00012470_016,6
00012475_000,5
00012478_000,5
00012484_001,0
00012484_002,5
00012487_000,0
00012491_000,0
00012502_011,3
00012505_005,5
00012511_004,3
00012535_000,0
00012543_011,3
00012566_000,3
00012573_000,5
00012573_012,7
00012573_015,7
00012576_011,0
00012576_014,0
00012579_001,3
00012589_002,2
00012591_001,1
00012594_001,5
00012596_000,5
00012603_003,2
00012603_008,3
00012620_001,2
00012622_024,2
00012625_003,0
00012625_006,3
00012626_012,0
00012628_015,3
00012628_016,0
00012628_060,3
00012628_063,2
00012635_012,2
00012640_014,0
00012640_015,5
00012643_003,5
00012646_010,2
00012648_004,0
00012659_002,3
00012659_004,5
00012659_036,3
00012667_000,7
00012671_002,2
00012681_007,2
00012681_043,3
00012681_049,3
00012687_011,5
00012692_001,0
00012704_015,0
00012709_000,0
00012717_000,5
00012722_006,0
00012723_000,0
00012733_000,5
00012741_005,5
00012741_018,0
00012748_000,5
00012752_002,2
00012756_000,5
00012774_000,3
00012782_001,0
00012794_001,5
00012811_000,0
00012815_001,2
00012825_000,5
00012833_000,0
00012834_024,2
00012834_035,3
00012834_075,2
00012834_083,0
00012834_105,5
00012834_113,5
00012834_148,3
00012863_001,5
00012863_019,2
00012863_023,0
00012863_037,2
00012863_040,0
00012866_000,5
00012870_000,0
00012874_002,0
00012874_003,0
00012874_017,0
00012874_033,0
00012880_007,0
00012880_015,0
00012882_000,0
00012883_000,4
00012884_008,5
00012891_001,5
00012891_008,0
00012892_012,0
00012903_005,3
00012905_000,3
00012907_017,0
00012913_006,2
00012931_007,3
00012931_033,2
00012932_000,0
00012935_009,0
00012935_022,5
00012962_000,0
00012973_019,0
00012987_000,0
00012987_009,3
00012990_001,5
00012990_002,0
00012993_006,5
00012993_015,2
00013002_004,7
00013003_005,5
00013003_041,2
00013031_005,3
00013031_006,2
00013031_012,2
00013037_001,5
00013040_001,3
00013047_001,3
00013055_007,0
00013062_004,0
00013066_000,5
00013071_004,5
00013073_005,3
00013078_000,5
00013104_001,5
00013107_001,5
00013111_016,3
00013111_038,0
00013111_063,0
00013111_065,0
00013112_001,0
00013119_002,0
00013128_004,3
00013131_000,0
00013144_000,5
00013144_004,3
00013152_005,3
00013154_000,5
00013158_004,2
00013175_012,3
00013176_005,2
00013187_003,5
00013192_004,3
00013197_001,3
00013198_000,5
00013205_004,5
00013209_012,6
00013209_013,5
00013213_001,5
00013214_001,0
00013226_000,0
00013244_011,0
00013249_002,0
00013249_003,5
00013249_033,6
00013249_037,6
00013249_039,6
00013249_043,6
00013257_001,0
00013260_009,5
00013261_009,2
00013262_003,3
00013271_000,3
00013282_004,0
00013285_015,0
00013294_001,0
00013303_000,2
00013305_006,0
00013341_003,2
00013342_002,2
00013346_005,2
00013346_008,0
00013352_000,2
00013360_000,5
00013369_000,0
00013370_003,2
00013374_000,5
00013384_001,0
00013392_001,5
00013397_000,5
00013420_000,0
00013424_004,3
00013429_000,6
00013429_002,0
00013440_001,0
00013443_000,0
00013447_010,3
00013471_003,3
00013471_010,0
00013476_000,0
00013494_000,0
00013505_002,3
00013511_002,3
00013520_000,0
00013529_000,0
00013539_001,0
00013557_016,0
00013564_000,2
00013572_000,3
00013572_006,3
00013572_007,0
00013572_009,0
00013572_013,6
00013576_005,2
00013582_000,2
00013592_003,5
00013594_027,2
00013594_042,3
00013594_047,6
00013601_008,2
00013601_017,3
00013606_000,0
00013608_006,2
00013608_011,5
00013613_007,0
00013613_013,0
00013613_021,2
00013613_027,0
00013615_019,5
00013615_034,2
00013615_042,5
00013615_043,5
00013615_056,5
00013616_000,0
00013616_027,2
00013616_044,2
00013623_000,7
00013623_008,3
00013625_005,2
00013625_006,5
00013625_023,3
00013625_034,3
00013625_040,2
00013625_048,2
00013629_000,0
00013634_000,0
00013635_001,6
00013641_013,3
00013642_000,5
00013646_002,3
00013646_009,3
00013648_013,0
00013649_002,3
00013659_029,3
00013670_003,3
00013670_010,5
00013670_036,3
00013670_050,2
00013670_054,2
00013670_057,2
00013670_135,3
00013670_148,3
00013670_154,2
00013680_000,0
00013685_006,3
00013685_033,2
00013685_040,3
00013685_046,2
00013686_000,0
00013708_001,5
00013714_009,0
00013731_004,0
00013736_000,5
00013739_003,5
00013750_026,0
00013756_000,5
00013760_002,5
00013765_008,5
00013774_000,0
00013774_028,5
00013774_035,3
00013791_000,5
00013798_000,5
00013798_007,0
00013807_003,5
00013807_005,3
00013808_006,0
00013826_007,5
00013829_009,0
00013832_000,5
00013834_006,0
00013844_000,5
00013844_002,3
00013844_004,2
00013849_007,3
00013849_019,3
00013855_004,5
00013855_006,0
00013876_000,3
00013884_003,0
00013888_000,5
00013890_002,3
00013890_007,4
00013890_013,6
00013894_047,2
00013904_006,5
00013917_008,0
00013917_038,0
00013917_044,3
00013917_048,3
00013917_049,0
00013917_056,3
00013922_007,2
00013922_029,3
00013924_003,7
00013929_000,0
00013931_002,5
00013934_000,2
00013951_001,0
00013951_002,3
00013952_000,2
00013952_003,2
00013961_000,0
00013966_000,0
00013972_000,5
00013979_000,6
00013982_003,3
00013982_005,3
00013992_018,2
00013992_021,3
00013993_002,2
00013993_100,3
00013993_127,2
00013996_005,0
00013999_001,5
00013999_005,5
00014004_001,5
00014004_012,3
00014004_013,3
00014004_045,3
00014006_010,0
00014010_006,3
00014015_001,5
00014018_015,0
00014018_016,0
00014022_070,3
00014022_073,2
00014022_085,5
00014022_091,5
00014022_094,3
00014024_003,2
00014029_004,0
00014031_003,3
00014032_003,5
00014032_010,3
00014034_009,0
00014034_011,3
00014034_015,0
00014034_017,0
00014041_000,5
00014052_003,3
00014054_000,0
00014072_003,4
00014079_000,0
00014081_002,5
00014082_005,3
00014083_005,5
00014083_014,0
00014095_002,6
00014110_000,6
00014112_000,5
00014112_006,5
00014116_001,3
00014116_006,3
00014124_002,0
00014125_014,2
00014125_034,3
00014125_039,0
00014128_013,0
00014129_001,3
00014129_003,0
00014129_008,2
00014130_001,2
00014140_002,3
00014140_004,3
00014141_000,0
00014144_000,5
00014145_019,3
00014149_007,3
00014149_029,5
00014149_030,3
00014149_035,3
00014149_044,3
00014167_000,0
00014167_002,2
00014172_004,2
00014176_001,0
00014178_003,5
00014182_005,5
00014186_001,5
00014197_032,3
00014201_000,5
00014201_004,2
00014201_005,0
00014201_008,0
00014203_015,0
00014203_028,2
00014203_039,2
00014203_045,3
00014203_051,2
00014207_000,0
00014223_009,5
00014223_028,3
00014236_003,3
00014242_000,0
00014251_008,3
00014253_022,2
00014253_029,2
00014253_051,6
00014256_002,3
00014259_001,3
00014264_012,3
00014264_013,0
00014265_009,0
00014265_010,0
00014265_018,0
00014280_001,3
00014284_001,7
00014285_002,5
00014285_013,3
00014285_015,0
00014292_000,0
00014296_000,0
00014302_005,2
00014306_004,0
00014314_005,5
00014320_012,5
00014324_000,5
00014346_024,5
00014346_034,5
00014352_009,6
00014355_004,2
00014356_005,5
00014356_012,0
00014356_015,3
00014358_016,0
00014359_000,0
00014365_000,0
00014368_009,0
00014371_000,2
00014379_006,2
00014380_004,2
00014387_007,0
00014387_013,0
00014389_000,0
00014389_001,5
00014389_006,0
00014389_013,2
00014393_001,0
00014396_000,5
00014398_017,2
00014398_039,2
00014398_045,2
00014411_000,0
00014414_004,3
00014414_015,0
00014433_001,6
00014436_004,0
00014438_005,5
00014438_008,0
00014443_003,5
00014452_008,3
00014452_013,5
00014454_003,3
00014465_002,3
00014465_003,3
00014473_000,5
00014475_000,0
00014475_001,0
00014492_000,0
00014493_000,3
00014520_014,3
00014525_025,3
00014526_000,0
00014529_001,3
00014534_005,3
00014545_003,0
00014546_006,3
00014559_001,0
00014570_000,7
00014571_002,2
00014571_010,3
00014571_011,0
00014574_001,3
00014589_000,0
00014604_006,5
00014625_001,7
00014626_007,5
00014626_042,3
00014634_000,5
00014637_000,2
00014650_000,0
00014663_023,3
00014664_001,0
00014664_003,0
00014664_006,0
00014675_020,2
00014675_023,3
00014677_002,3
00014684_000,0
00014684_001,5
00014688_001,5
00014688_002,3
00014691_001,0
00014692_001,5
00014694_000,3
00014703_000,0
00014708_005,0
00014710_008,0
00014711_000,0
00014715_016,0
00014721_001,0
00014731_011,0
00014732_003,3
00014743_000,0
00014749_000,0
00014750_000,5
00014751_000,7
00014753_000,5
00014764_004,6
00014768_001,2
00014771_005,5
00014771_009,0
00014773_004,0
00014782_000,5
00014785_005,3
00014790_000,5
00014790_011,0
00014790_012,2
00014792_004,2
00014794_000,0
00014798_010,0
00014809_000,5
00014822_038,3
00014826_004,7
00014832_000,0
00014839_007,0
00014839_031,5
00014844_000,0
00014844_005,5
00014849_004,3
00014860_000,0
00014869_001,0
00014870_002,0
00014877_013,0
00014879_005,0
00014879_006,3
00014879_010,3
00014890_001,0
00014897_001,0
00014899_000,0
00014906_004,2
00014909_000,0
00014918_007,0
00014918_010,5
00014922_000,0
00014928_000,5
00014934_005,3
00014947_000,2
00014949_000,5
00014949_001,3
00014958_014,5
00015000_004,7
00015007_009,5
00015031_000,5
00015031_009,0
00015031_029,3
00015031_031,2
00015032_002,0
00015034_007,3
00015041_000,7
00015044_015,0
00015045_002,7
00015045_017,3
00015045_018,2
00015058_005,3
00015069_000,5
00015069_003,5
00015070_003,3
00015070_006,0
00015078_001,0
00015078_009,0
00015078_010,0
00015081_008,2
00015082_004,3
00015100_005,0
00015101_000,0
00015107_000,0
00015109_000,0
00015123_000,0
00015133_002,0
00015142_000,0
00015146_001,5
00015149_000,0
00015160_002,0
00015160_022,2
00015166_004,0
00015167_002,5
00015169_000,0
00015170_003,3
00015171_009,2
00015171_015,2
00015171_020,3
00015173_012,2
00015175_001,0
00015184_000,7
00015186_000,0
00015187_003,0
00015192_002,0
00015199_003,0
00015212_006,0
00015223_000,0
00015229_000,0
00015231_000,0
00015236_000,0
00015239_006,4
00015247_002,7
00015255_014,0
00015259_000,5
00015264_003,3
00015266_010,0
00015295_000,0
00015310_000,5
00015313_016,4
00015332_000,0
00015338_012,3
00015338_014,3
00015351_001,3
00015352_000,7
00015355_000,0
00015355_004,0
00015360_002,0
00015370_003,0
00015370_004,3
00015373_000,7
00015375_004,5
00015375_007,5
00015376_024,5
00015386_000,5
00015386_011,5
00015386_016,5
00015388_003,0
00015401_010,3
00015406_000,0
00015406_012,3
00015414_006,0
00015414_007,0
00015414_015,2
00015423_001,0
00015425_011,0
00015425_012,0
00015442_026,0
00015442_031,3
00015442_033,3
00015443_007,3
00015443_015,3
00015448_002,5
00015449_002,0
00015478_000,0
00015486_000,5
00015493_001,0
00015494_000,5
00015503_002,0
00015530_063,3
00015530_065,3
00015530_114,3
00015530_134,2
00015530_140,2
00015530_147,3
00015530_152,6
00015531_000,0
00015532_000,0
00015537_007,0
00015545_000,0
00015548_001,0
00015551_005,0
00015553_004,5
00015555_000,0
00015556_014,3
00015556_021,2
00015556_025,0
00015556_029,3
00015560_000,0
00015563_002,3
00015594_001,2
00015605_023,3
00015605_039,2
00015605_056,2
00015606_006,5
00015606_008,2
00015606_029,3
00015606_039,3
00015606_044,3
00015606_050,0
00015616_001,5
00015646_000,0
00015646_010,2
00015646_034,2
00015646_055,2
00015647_003,0
00015647_020,6
00015650_000,0
00015658_004,2
00015664_001,0
00015667_000,5
00015679_004,3
00015680_000,0
00015687_000,3
00015688_001,5
00015693_007,0
00015700_004,3
00015700_021,0
00015700_023,6
00015715_001,0
00015721_005,5
00015721_009,5
00015732_004,4
00015732_017,3
00015732_026,3
00015732_030,3
00015732_037,3
00015732_038,2
00015754_008,2
00015756_004,3
00015758_000,0
00015770_005,5
00015770_032,2
00015770_035,2
00015785_002,0
00015794_003,3
00015799_007,5
00015809_009,5
00015814_003,3
00015818_001,3
00015826_009,0
00015828_001,0
00015833_002,3
00015843_005,0
00015854_002,2
00015886_001,3
00015895_003,2
00015895_007,3
00015895_016,2
00015895_021,0
00015900_000,0
00015913_001,0
00015915_009,0
00015924_000,0
00015926_000,0
00015929_000,0
00015929_005,0
00015929_009,3
00015940_002,4
00015945_001,0
00015953_022,0
00015956_010,3
00015956_012,0
00015969_004,0
00015973_000,0
00015985_000,5
00015988_000,0
00015993_000,5
00015995_000,0
00016009_018,0
00016009_042,3
00016014_015,3
00016019_002,0
00016023_001,5
00016034_000,3
00016051_021,0
00016051_023,5
00016052_014,0
00016052_021,0
00016059_000,0
00016064_008,2
00016064_019,5
00016079_007,0
00016079_014,0
00016083_005,0
00016086_002,0
00016094_000,2
00016094_020,5
00016094_023,2
00016103_005,3
00016103_007,3
00016122_003,5
00016122_005,5
00016122_008,0
00016124_003,0
00016134_002,3
00016134_017,0
00016142_010,2
00016142_027,7
00016142_050,5
00016166_002,4
00016177_000,0
00016177_009,0
00016177_014,3
00016184_000,0
00016191_021,5
00016205_005,5
00016205_006,5
00016211_007,0
00016213_005,2
00016216_000,0
00016227_000,0
00016231_005,3
00016238_008,3
00016240_001,3
00016240_002,4
00016243_002,0
00016246_000,3
00016251_000,0
00016256_000,5
00016256_003,0
00016265_000,0
00016289_000,7
00016291_002,5
00016291_006,5
00016291_018,5
00016291_025,3
00016291_055,3
00016293_004,3
00016298_001,5
00016300_001,4
00016315_003,3
00016332_002,3
00016333_005,0
00016341_003,3
00016360_000,0
00016362_004,3
00016368_000,0
00016390_000,0
00016399_018,2
00016403_001,0
00016410_039,2
00016410_058,3
00016414_000,5
00016417_009,0
00016420_003,0
00016422_002,5
00016422_006,5
00016424_005,4
00016426_000,0
00016429_008,0
00016429_021,0
00016429_024,3
00016438_002,0
00016445_003,5
00016469_000,0
00016481_003,3
00016484_012,6
00016484_026,5
00016486_020,3
00016491_000,0
00016492_000,5
00016493_003,5
00016494_002,0
00016497_001,3
00016497_002,3
00016508_008,3
00016508_012,2
00016508_025,3
00016508_030,2
00016508_031,2
00016508_040,3
00016508_065,3
00016521_006,0
00016521_008,0
00016522_016,5
00016522_022,2
00016528_000,0
00016550_008,6
00016550_019,2
00016550_025,5
00016574_001,0
00016578_000,0
00016579_000,5
00016587_023,5
00016587_024,0
00016587_025,0
00016587_055,5
00016589_005,0
00016590_000,5
00016596_000,5
00016601_001,0
00016607_018,3
00016607_035,2
00016613_000,0
00016615_002,3
00016618_008,3
00016620_007,0
00016630_007,3
00016630_014,3
00016632_001,3
00016634_000,7
00016644_000,0
00016646_002,0
00016649_002,5
00016649_017,0
00016672_003,0
00016686_000,0
00016691_001,0
00016695_000,6
00016701_002,5
00016705_009,3
00016715_004,0
00016715_007,3
00016729_000,3
00016732_018,0
00016732_020,3
00016736_001,0
00016737_004,3
00016739_000,5
00016750_000,7
00016761_000,0
00016765_000,0
00016778_003,3
00016778_017,3
00016778_039,3
00016784_002,3
00016785_007,5
00016786_001,3
00016786_005,3
00016786_007,3
00016787_002,2
00016787_003,3
00016794_000,0
00016798_010,0
00016799_000,0
00016800_003,0
00016809_001,0
00016811_005,5
00016814_000,7
00016818_002,3
00016837_005,3
00016841_003,0
00016842_003,0
00016861_002,0
00016861_007,5
00016867_005,3
00016874_000,0
00016876_000,0
00016882_004,7
00016888_001,0
00016888_007,3
00016894_000,0
00016895_002,0
00016908_001,3
00016918_000,5
00016918_017,2
00016926_003,5
00016932_002,3
00016942_000,3
00016942_004,3
00016942_007,3
00016951_001,3
00016971_032,2
00016972_004,3
00016972_017,3
00016972_024,3
00016975_003,0
00016977_000,5
00016984_000,4
00016986_008,2
00016990_006,0
00016991_013,2
00016992_000,0
00016995_000,2
00017004_005,0
00017013_001,0
00017036_020,0
00017044_013,3
00017044_015,0
00017046_014,3
00017049_011,2
00017064_005,2
00017064_016,0
00017086_000,5
00017088_003,3
00017089_004,0
00017098_011,7
00017104_000,5
00017105_002,2
00017107_000,0
00017108_000,0
00017108_003,2
00017116_002,0
00017123_000,0
00017123_002,0
00017136_012,0
00017136_017,0
00017136_018,0
00017137_003,0
00017137_008,0
00017138_012,2
00017138_013,3
00017138_022,3
00017138_027,3
00017138_048,2
00017138_053,2
00017138_108,2
00017138_110,3
00017138_113,2
00017151_010,3
00017151_012,5
00017153_000,0
00017158_000,0
00017158_017,3
00017177_000,0
00017182_002,5
00017188_000,0
00017206_001,6
00017207_013,2
00017207_014,2
00017212_000,0
00017213_002,3
00017214_003,0
00017227_002,5
00017230_000,0
00017236_051,2
00017236_063,2
00017236_084,2
00017236_095,3
00017237_001,5
00017240_000,5
00017243_000,6
00017249_002,0
00017258_019,6
00017263_000,0
00017264_001,0
00017266_003,0
00017267_001,0
00017304_000,0
00017324_006,5
00017325_000,3
00017331_000,0
00017333_002,5
00017356_002,3
00017369_001,3
00017401_005,0
00017405_010,5
00017405_014,2
00017405_028,2
00017410_000,0
00017417_000,3
00017420_000,7
00017423_004,5
00017424_004,2
00017443_009,0
00017454_003,2
00017466_000,0
00017467_006,5
00017484_000,7
00017492_001,0
00017504_000,0
00017504_012,3
00017504_014,6
00017504_043,6
00017504_058,6
00017504_062,0
00017515_004,0
00017515_005,0
00017526_000,0
00017541_020,0
00017541_025,3
00017545_001,3
00017546_013,2
00017555_002,5
00017556_013,3
00017557_002,5
00017573_000,0
00017575_002,3
00017584_001,3
00017594_002,0
00017603_009,3
00017606_032,3
00017608_004,2
00017610_000,0
00017612_001,5
00017613_000,5
00017618_002,5
00017618_019,0
00017622_001,3
00017632_000,0
00017634_000,0
00017635_004,0
00017635_009,0
00017638_000,0
00017641_008,0
00017641_015,2
00017642_000,5
00017643_003,3
00017645_007,6
00017645_012,0
00017647_001,5
00017651_005,3
00017658_000,0
00017662_001,0
00017664_001,3
00017669_001,0
00017674_001,0
00017685_005,3
00017691_008,3
00017691_010,5
00017691_021,0
00017704_001,0
00017709_002,5
00017709_012,0
00017710_005,3
00017710_006,3
00017714_008,5
00017714_019,3
00017714_026,3
00017714_027,6
00017714_037,3
00017716_000,5
00017718_001,6
00017719_002,5
00017721_001,5
00017722_000,0
00017724_002,2
00017726_002,3
00017731_004,3
00017731_005,5
00017736_006,0
00017747_002,0
00017747_006,0
00017747_019,5
00017747_031,3
00017753_031,5
00017761_001,0
00017764_003,3
00017771_000,5
00017786_008,0
00017798_000,2
00017804_000,0
00017818_001,3
00017826_000,0
00017827_000,6
00017830_002,5
00017835_004,5
00017835_008,5
00017835_010,0
00017835_015,3
00017835_025,3
00017835_030,3
00017846_004,5
00017852_013,0
00017852_034,0
00017862_000,5
00017874_000,0
00017906_010,0
00017907_000,0
00017915_000,3
00017920_008,3
00017920_010,2
00017920_018,3
00017920_020,3
00017925_000,0
00017934_000,3
00017938_000,7
00017940_001,0
00017946_000,4
00017947_018,0
00017950_001,5
00017963_003,3
00017972_011,3
00017972_028,6
00017972_040,3
00017980_008,0
00017981_004,5
00017981_024,3
00017981_031,2
00017985_008,0
00017994_004,5
00017997_002,4
00017999_001,3
00018000_002,0
00018000_004,5
00018006_028,3
00018011_016,3
00018017_000,4
00018019_004,3
00018019_007,3
00018019_013,3
00018023_000,3
00018025_000,5
00018027_007,0
00018035_000,0
00018037_015,0
00018037_018,0
00018043_006,0
00018044_023,3
00018046_000,0
00018046_003,0
00018052_003,0
00018055_015,3
00018055_019,3
00018055_023,3
00018055_032,4
00018055_047,4
00018080_008,0
00018091_016,2
00018091_020,2
00018100_003,0
00018101_001,3
00018101_002,3
00018111_000,0
00018117_000,5
00018117_001,2
00018120_001,0
00018124_000,0
00018126_007,2
00018126_026,2
00018142_002,6
00018153_000,5
00018157_000,5
00018164_004,3
00018166_003,3
00018175_006,3
00018175_026,3
00018176_000,0
00018186_011,0
00018187_052,2
00018187_060,3
00018191_005,7
00018203_003,3
00018204_002,3
00018224_009,3
00018226_000,0
00018233_055,3
00018237_008,2
00018237_035,3
00018245_005,0
00018246_000,0
00018249_008,5
00018251_006,1
00018251_014,1
00018251_015,7
00018252_000,3
00018253_063,2
00018253_079,2
00018254_018,0
00018258_001,7
00018259_004,0
00018261_000,0
00018263_003,6
00018266_000,5
00018284_012,0
00018287_000,5
00018288_000,5
00018300_000,4
00018304_009,3
00018304_010,5
00018312_009,0
00018318_002,0
00018319_003,6
00018329_004,5
00018331_005,2
00018334_004,0
00018335_006,7
00018344_000,0
00018356_005,3
00018359_005,3
00018362_010,0
00018366_027,5
00018387_006,2
00018387_016,3
00018390_007,3
00018394_001,5
00018394_005,0
00018403_001,5
00018419_001,5
00018421_006,5
00018427_008,3
00018427_009,2
00018436_000,5
00018444_002,5
00018448_005,3
00018448_017,5
00018451_000,0
00018451_006,5
00018462_001,3
00018464_013,0
00018472_003,0
00018472_005,5
00018496_008,0
00018500_009,0
00018507_001,5
00018507_012,0
00018509_002,5
00018521_011,0
00018525_002,5
00018525_005,3
00018527_010,5
00018541_001,3
00018546_000,0
00018555_003,6
00018573_001,5
00018575_000,5
00018584_002,3
00018592_000,5
00018596_000,5
00018602_002,5
00018607_001,5
00018608_016,2
00018609_000,5
00018614_005,7
00018626_003,5
00018627_002,3
00018627_009,5
00018627_011,5
00018629_000,0
00018642_003,2
00018642_005,0
00018644_006,6
00018645_000,0
00018650_000,3
00018656_003,0
00018663_005,3
00018669_004,3
00018679_002,0
00018687_001,0
00018689_003,5
00018703_002,5
00018724_008,3
00018724_013,3
00018724_014,3
00018724_019,3
00018731_001,5
00018734_000,7
00018735_005,5
00018735_010,7
00018739_014,0
00018739_019,5
00018748_000,3
00018765_003,3
00018794_000,5
00018801_000,0
00018805_001,6
00018808_001,4
00018811_001,3
00018821_007,2
00018821_012,0
00018829_017,2
00018829_018,2
00018837_000,5
00018840_001,3
00018840_030,3
00018840_032,3
00018847_000,5
00018855_001,0
00018860_023,0
00018865_013,5
00018865_036,3
00018865_037,0
00018867_016,3
00018867_024,3
00018872_001,3
00018899_000,5
00018909_001,3
00018921_016,2
00018921_024,3
00018921_041,2
00018921_042,2
00018936_003,3
00018944_012,3
00018949_002,1
00018979_008,0
00018983_002,5
00018986_000,5
00018989_004,3
00018989_006,3
00018997_001,5
00019006_004,2
00019018_001,2
00019021_001,0
00019021_002,3
00019035_000,0
00019038_000,5
00019038_001,3
00019044_001,0
00019044_002,0
00019045_003,0
00019062_002,3
00019070_005,5
00019087_001,0
00019087_044,5
00019089_002,7
00019089_010,2
00019089_011,6
00019092_013,5
00019098_000,6
00019107_001,3
00019110_000,3
00019113_000,5
00019124_018,5
00019124_056,5
00019124_070,2
00019124_096,5
00019124_098,5
00019130_001,5
00019133_000,0
00019137_002,0
00019138_002,0
00019150_008,3
00019151_002,3
00019154_000,0
00019176_005,2
00019176_035,3
00019176_062,6
00019176_079,2
00019176_089,3
00019184_002,7
00019190_000,5
00019216_003,0
00019218_001,3
00019222_002,5
00019223_000,5
00019235_000,6
00019238_011,5
00019238_019,5
00019240_004,2
00019242_020,0
00019258_000,5
00019259_003,3
00019265_003,3
00019271_013,3
00019271_024,3
00019271_058,2
00019289_000,3
00019293_000,6
00019303_000,0
00019308_013,2
00019312_000,3
00019322_000,5
00019324_000,5
00019336_000,5
00019360_001,0
00019363_017,2
00019363_040,2
00019365_007,4
00019368_000,2
00019369_005,3
00019373_025,5
00019373_061,5
00019381_000,0
00019382_001,5
00019388_001,0
00019395_011,2
00019395_018,5
00019400_000,5
00019406_005,0
00019408_000,0
00019415_002,5
00019419_001,5
00019428_000,0
00019434_007,3
00019436_001,2
00019437_007,5
00019448_006,7
00019463_000,0
00019464_004,4
00019466_001,2
00019468_000,0
00019484_005,5
00019486_000,5
00019486_001,5
00019498_000,0
00019503_000,3
00019507_000,0
00019513_000,0
00019535_000,3
00019538_002,2
00019544_000,0
00019549_000,0
00019549_004,3
00019550_001,0
00019557_001,0
00019562_001,5
00019565_000,5
00019576_024,3
00019576_030,2
00019576_043,2
00019576_065,2
00019593_007,3
00019594_002,3
00019594_003,3
00019594_016,0
00019594_027,3
00019611_002,3
00019617_001,5
00019618_000,3
00019619_000,7
00019641_000,0
00019643_025,2
00019658_004,5
00019661_000,0
00019663_002,2
00019663_004,5
00019672_001,0
00019680_001,3
00019700_003,0
00019706_016,0
00019710_000,0
00019710_001,0
00019711_000,5
00019726_002,0
00019726_007,0
00019730_015,0
00019730_016,0
00019735_001,3
00019741_002,0
00019750_018,3
00019750_022,3
00019750_025,0
00019753_000,2
00019753_005,2
00019754_002,0
00019756_005,4
00019762_000,0
00019765_008,4
00019765_010,3
00019766_001,0
00019766_003,5
00019766_004,5
00019766_009,5
00019767_015,5
00019769_003,0
00019772_001,3
00019783_000,5
00019785_000,3
00019785_003,3
00019785_022,3
00019786_001,0
00019786_003,3
00019790_000,5
00019796_000,0
00019805_002,0
00019812_005,3
00019824_000,0
00019825_001,3
00019829_000,5
00019831_004,0
00019835_000,5
00019840_000,0
00019846_000,0
00019860_000,5
00019863_005,0
00019863_009,5
00019865_009,3
00019865_013,0
00019870_001,3
00019871_004,3
00019873_001,3
00019880_008,3
00019892_012,3
00019894_040,3
00019895_003,1
00019899_025,0
00019912_000,0
00019918_000,3
00019919_000,0
00019927_008,7
00019938_003,0
00019949_000,5
00019956_001,5
00019959_003,0
00019959_007,0
00019961_004,0
00019965_000,0
00019967_017,6
00019967_033,6
00019981_002,3
00019988_007,3
00019992_001,0
00019999_002,0
00020008_001,1
00020018_006,3
00020020_007,0
00020043_002,0
00020047_002,0
00020052_003,3
00020059_007,0
00020060_008,5
00020065_008,3
00020076_000,0
00020076_001,5
00020078_001,3
00020080_002,3
00020080_003,3
00020085_008,3
00020090_000,3
00020094_005,3
00020106_005,0
00020113_014,4
00020113_018,3
00020117_000,2
00020130_000,0
00020130_009,0
00020146_004,5
00020149_000,3
00020151_000,2
00020158_011,3
00020158_020,3
00020159_001,3
00020163_000,0
00020165_000,0
00020170_004,3
00020177_001,0
00020186_000,4
00020190_002,0
00020190_003,0
00020195_018,5
00020195_024,3
00020197_001,0
00020199_000,5
00020204_019,0
00020209_005,0
00020213_009,2
00020213_034,3
00020213_045,3
00020213_093,3
00020213_110,3
00020224_001,0
00020226_000,5
00020228_000,0
00020240_000,5
00020243_004,5
00020248_006,3
00020249_006,3
00020259_000,5
00020261_002,7
00020286_004,4
00020287_000,5
00020289_000,3
00020290_006,0
00020290_009,3
00020294_009,3
00020294_010,2
00020298_000,0
00020299_000,0
00020312_000,3
00020318_004,0
00020318_013,0
00020318_027,0
00020326_003,3
00020326_005,0
00020326_009,3
00020326_021,3
00020326_058,3
00020326_088,3
00020326_097,5
00020338_001,3
00020339_004,0
00020349_007,0
00020349_011,0
00020361_000,0
00020363_001,5
00020373_004,0
00020380_002,3
00020383_003,0
00020385_001,5
00020393_001,0
00020398_001,0
00020398_002,3
00020398_006,2
00020405_003,0
00020405_008,0
00020405_009,0
00020405_017,3
00020408_014,3
00020408_037,3
00020408_045,3
00020408_055,2
00020408_066,3
00020415_001,0
00020429_001,0
00020430_000,0
00020433_000,3
00020437_003,5
00020438_014,3
00020438_017,3
00020444_000,0
00020450_006,3
00020450_009,3
00020450_014,3
00020455_000,0
00020458_011,3
00020458_022,3
00020471_006,5
00020476_003,7
00020482_006,5
00020482_012,3
00020482_025,2
00020482_050,3
00020482_061,2
00020499_000,6
00020503_007,0
00020505_004,3
00020513_009,3
00020513_028,2
00020513_033,2
00020520_003,0
00020523_000,0
00020524_008,0
00020529_000,0
00020534_001,5
00020558_000,0
00020565_000,5
00020601_002,3
00020607_001,0
00020607_002,3
00020623_000,0
00020624_011,0
00020629_007,0
00020630_009,0
00020631_004,3
00020635_000,0
00020648_004,0
00020649_001,0
00020654_002,0
00020656_000,0
00020666_003,3
00020671_000,0
00020671_001,3
00020673_041,3
00020673_048,2
00020679_000,0
00020680_000,0
00020680_005,0
00020683_000,6
00020691_000,5
00020703_000,3
00020703_009,3
00020705_000,5
00020725_001,3
00020725_019,0
00020725_025,2
00020729_002,0
00020736_000,0
00020745_001,0
00020773_008,0
00020781_005,0
00020789_000,3
00020791_001,0
00020797_000,5
00020809_011,5
00020811_011,3
00020819_011,5
00020826_000,5
00020827_006,0
00020832_004,0
00020834_000,0
00020837_000,3
00020838_000,3
00020848_000,0
00020857_002,3
00020859_000,0
00020895_000,0
00020900_002,3
00020904_006,3
00020904_010,3
00020918_000,0
00020935_004,0
00020945_017,3
00020945_023,2
00020945_031,5
00020951_000,0
00020960_004,3
00020966_000,0
00020967_012,3
00020967_014,3
00020972_002,5
00020978_008,3
00020979_007,5
00020983_002,0
00020991_000,7
00021006_018,3
00021018_000,7
00021023_002,3
00021023_011,3
00021024_001,0
00021035_001,3
00021035_015,3
00021035_020,2
00021035_026,2
00021036_008,0
00021047_006,3
00021057_001,5
00021065_002,4
00021086_009,0
00021112_005,0
00021113_000,0
00021114_004,3
00021115_002,0
00021117_000,0
00021123_000,0
00021124_002,0
00021127_013,2
00021127_018,0
00021132_000,3
00021151_000,0
00021154_005,3
00021163_000,6
00021170_003,3
00021172_000,5
00021173_003,0
00021179_005,3
00021179_006,2
00021185_007,0
00021188_007,5
00021188_012,0
00021197_002,2
00021200_001,0
00021201_014,3
00021201_021,2
00021201_027,3
00021201_035,3
00021201_053,2
00021201_113,3
00021214_000,0
00021224_000,5
00021229_000,5
00021231_006,5
00021239_010,3
00021245_000,5
00021251_002,3
00021253_003,5
00021255_004,0
00021260_002,3
00021261_000,0
00021274_011,0
00021275_007,5
00021277_008,0
00021277_010,3
00021277_012,3
00021277_014,3
00021277_025,6
00021277_033,3
00021289_000,3
00021290_004,6
00021291_000,0
00021303_002,3
00021307_003,3
00021307_008,5
00021307_011,5
00021307_024,0
00021321_020,7
00021332_000,0
00021347_000,0
00021358_000,0
00021359_002,0
00021362_005,5
00021374_035,0
00021377_018,3
00021381_008,0
00021381_009,3
00021381_037,5
00021420_002,0
00021420_004,3
00021431_004,3
00021441_001,3
00021457_008,3
00021457_033,3
00021461_000,2
00021481_012,3
00021484_001,3
00021484_002,3
00021489_014,0
00021494_007,7
00021494_018,3
00021495_005,3
00021495_007,0
00021499_007,3
00021499_013,0
00021506_002,6
00021514_000,5
00021528_002,0
00021533_000,5
00021552_010,4
00021565_002,2
00021565_020,3
00021578_000,5
00021578_001,0
00021580_000,3
00021582_001,3
00021582_010,5
00021584_009,6
00021586_000,0
00021586_003,7
00021595_000,0
00021609_002,3
00021610_000,3
00021610_002,0
00021610_016,0
00021610_034,3
00021613_000,0
00021614_000,5
00021616_004,3
00021616_009,3
00021618_019,0
00021620_000,3
00021626_007,3
00021637_001,0
00021647_000,0
00021648_006,3
00021651_005,0
00021670_020,0
00021670_027,4
00021672_000,6
00021674_000,3
00021674_001,4
00021676_000,0
00021687_002,0
00021695_007,5
00021711_015,5
00021715_000,0
00021736_000,5
00021748_000,5
00021759_000,0
00021768_000,6
00021770_011,4
00021770_015,6
00021782_018,2
00021782_027,3
00021796_010,0
00021796_011,0
00021818_015,3
00021818_026,5
00021821_003,3
00021832_000,0
00021835_001,3
00021835_027,6
00021838_002,0
00021840_009,0
00021840_022,5
00021843_002,3
00021847_000,0
00021857_002,0
00021860_002,0
00021881_000,5
00021888_000,0
00021889_005,0
00021893_000,0
00021911_005,0
00021917_000,3
00021930_001,3
00021942_006,3
00021954_000,3
00021954_004,3
00021969_001,3
00021972_000,3
00021980_000,0
00021988_005,5
00021992_000,3
00021994_002,5
00021996_009,4
00021997_000,3
00022006_000,5
00022024_002,0
00022097_000,4
00022098_010,4
00022106_011,5
00022118_000,5
00022132_000,3
00022137_000,5
00022141_024,3
00022144_007,0
00022152_000,0
00022159_000,4
00022166_001,0
00022173_000,0
00022187_004,3
00022190_000,0
00022192_012,5
00022192_021,5
00022192_032,5
00022208_000,4
00022208_005,5
00022208_010,6
00022234_000,0
00022237_024,3
00022245_003,5
00022245_016,5
00022251_000,0
00022257_000,0
00022276_000,5
00022281_000,5
00022283_029,3
00022290_000,0
00022290_006,5
00022290_018,3
00022301_003,5
00022309_000,5
00022310_006,3
00022310_008,5
00022312_001,0
00022316_000,0
00022319_000,5
00022320_000,5
00022324_000,0
00022333_000,0
00022335_011,0
00022335_018,5
00022335_021,5
00022340_000,5
00022345_003,0
00022357_001,3
00022362_000,5
00022374_005,0
00022384_000,0
00022402_002,2
00022416_002,0
00022416_039,3
00022416_068,3
00022427_001,3
00022431_002,0
00022442_002,2
00022444_002,0
00022449_001,0
00022457_003,4
00022458_013,3
00022458_015,5
00022461_000,3
00022481_002,0
00022481_008,3
00022499_002,3
00022499_003,3
00022523_000,0
00022526_006,2
00022528_004,3
00022537_001,0
00022539_000,3
00022540_000,7
00022569_000,0
00022572_037,3
00022572_045,2
00022572_049,2
00022572_053,0
00022572_057,3
00022574_000,5
00022578_001,5
00022590_000,0
00022594_000,0
00022596_006,2
00022596_008,0
00022599_000,3
00022600_001,0
00022604_014,3
00022611_005,2
00022633_000,5
00022640_000,0
00022668_000,5
00022669_000,0
00022670_001,3
00022672_009,7
00022684_006,0
00022693_000,0
00022707_004,5
00022708_006,0
00022717_002,3
00022720_003,0
00022726_009,5
00022726_019,0
00022727_000,5
00022729_001,3
00022734_001,3
00022741_000,0
00022750_000,5
00022753_000,6
00022762_000,5
00022763_000,5
00022764_005,0
00022766_000,5
00022775_004,5
00022776_013,3
00022780_000,3
00022785_004,5
00022813_000,2
00022815_025,1
00022815_077,1
00022815_080,6
00022816_000,5
00022816_006,3
00022820_000,0
00022825_001,3
00022826_002,5
00022829_000,0
00022829_002,0
00022830_001,6
00022832_002,3
00022837_009,0
00022841_001,5
00022843_000,0
00022846_000,3
00022854_000,0
00022857_002,3
00022869_005,5
00022870_004,3
00022870_007,3
00022877_014,3
00022877_024,3
00022880_002,0
00022881_001,6
00022881_006,5
00022881_008,5
00022883_002,0
00022883_006,3
00022884_000,0
00022893_000,5
00022914_003,0
00022919_002,0
00022931_000,5
00022943_003,3
00022947_001,4
00022962_000,5
00022963_000,5
00022977_016,2
00022977_017,0
00022993_015,3
00023008_000,5
00023009_003,3
00023009_006,3
00023033_002,3
00023033_010,3
00023047_000,0
00023057_000,5
00023065_002,4
00023065_031,4
00023069_002,3
00023073_001,3
00023074_001,5
00023075_036,0
00023078_007,0
00023085_006,0
00023089_004,0
00023097_001,5
00023111_009,0
00023128_004,6
00023128_026,7
00023138_005,3
00023140_006,3
00023146_000,0
00023152_000,0
00023154_000,0
00023156_019,2
00023157_000,0
00023160_006,0
00023162_023,0
00023173_003,0
00023176_018,4
00023179_004,0
00023179_005,0
00023180_000,3
00023190_011,3
00023191_000,3
00023203_002,5
00023209_000,0
00023211_008,0
00023211_026,3
00023216_000,5
00023219_000,5
00023260_003,3
00023260_004,0
00023269_003,0
00023271_009,2
00023273_000,0
00023276_000,0
00023279_000,5
00023296_000,5
00023297_003,3
00023309_007,0
00023309_008,3
00023309_012,3
00023309_015,3
00023309_016,3
00023309_018,3
00023311_003,4
00023313_000,0
00023315_000,3
00023316_004,5
00023320_000,5
00023323_001,5
00023325_019,6
00023325_027,3
00023359_000,5
00023414_000,0
00023435_002,0
00023451_000,0
00023487_007,0
00023487_008,5
00023490_000,2
00023498_006,5
00023522_000,0
00023526_000,0
00023587_000,0
00023594_000,2
00023632_000,5
00023639_000,0
00023651_000,0
00023655_000,2
00023665_000,2
00023684_003,4
00023689_000,3
00023722_002,2
00023738_000,0
00023753_000,0
00023770_000,0
00023791_001,0
00023792_000,3
00023816_000,3
00023818_000,0
00023828_000,5
00023853_000,0
00023875_000,2
00023883_000,0
00023907_000,0
00023916_000,0
00023918_000,0
00023943_000,3
00023949_000,0
00023956_000,0
00023972_000,0
00023982_000,5
00023997_000,0
00024012_000,0
00024025_000,2
00024040_000,5
00024080_000,0
00024103_000,5
00024107_000,0
00024121_000,3
00024122_000,0
00024129_001,0
00024139_000,5
00024145_000,0
00024178_000,5
00024194_000,5
00024216_000,5
00024265_000,0
00024271_000,5
00024300_000,7
00024301_000,7
00024310_000,0
00024318_000,5
00024326_000,5
00024328_000,0
00024360_000,5
00024383_000,0
00024416_001,0
00024458_000,5
00024461_000,0
00024471_000,0
00024523_000,0
00024525_000,0
00024537_000,0
00024545_000,6
00024566_000,0
00024581_000,0
00024592_000,0
00024611_000,5
00024615_000,0
00024625_000,3
00024649_000,0
00024671_000,0
00024674_000,5
00024680_000,5
00024725_000,7
00024726_000,5
00024728_000,6
00024740_000,3
00024749_000,0
00024752_000,7
00024807_000,0
00024821_000,0
00024823_000,2
00024839_000,0
00024843_000,0
00024851_000,5
00024885_000,0
00024891_000,0
00024904_000,0
00024905_000,0
00024962_000,7
00024964_000,0
00025013_000,2
00025033_000,0
00025045_000,4
00025047_000,2
00025070_000,3
00025081_007,3
00025087_000,0
00025094_000,0
00025102_000,0
00025103_000,0
00025109_003,2
00025115_000,0
00025117_002,0
00025119_006,3
00025124_001,5
00025133_001,0
00025142_000,0
00025153_000,0
00025163_000,3
00025169_001,0
00025169_005,5
00025181_006,0
00025181_009,3
00025181_014,3
00025189_005,3
00025200_002,5
00025230_001,3
00025233_000,5
00025234_000,3
00025238_004,0
00025238_008,3
00025238_019,3
00025252_008,3
00025252_011,3
00025252_015,2
00025252_022,3
00025252_048,3
00025252_074,3
00025253_001,0
00025260_000,2
00025290_015,2
00025290_036,3
00025295_002,5
00025303_002,2
00025303_021,4
00025303_037,4
00025307_000,5
00025315_000,5
00025322_001,0
00025328_000,5
00025337_000,0
00025355_000,0
00025358_000,0
00025360_002,6
00025360_008,3
00025368_010,0
00025368_032,0
00025369_000,0
00025380_000,0
00025381_006,3
00025386_000,3
00025387_002,3
00025388_000,0
00025391_004,3
00025394_002,3
00025419_000,5
00025423_000,5
00025426_003,0
00025442_001,0
00025444_007,2
00025444_013,3
00025445_000,3
00025448_001,2
00025454_014,0
00025456_004,3
00025461_001,3
00025464_000,5
00025465_001,0
00025467_000,0
00025473_006,2
00025480_000,0
00025485_000,5
00025499_000,0
00025505_001,5
00025505_004,3
00025514_008,0
00025523_000,6
00025527_002,3
00025529_001,0
00025529_013,3
00025537_001,0
00025542_004,3
00025543_007,6
00025543_011,2
00025545_001,4
00025554_000,3
00025556_013,6
00025561_009,3
00025580_011,5
00025603_007,5
00025610_000,5
00025621_007,2
00025621_012,5
00025623_007,4
00025624_002,3
00025628_020,3
00025634_000,4
00025640_002,5
00025642_000,5
00025652_002,0
00025656_008,3
00025662_001,3
00025683_004,3
00025695_006,0
00025707_007,6
00025707_009,2
00025717_000,2
00025718_001,3
00025729_000,0
00025746_005,3
00025746_013,3
00025752_001,3
00025761_001,2
00025787_003,3
00025787_012,2
00025787_031,3
00025798_000,2
00025811_004,3
00025812_004,0
00025813_000,0
00025825_000,0
00025825_002,3
00025831_000,5
00025832_009,0
00025839_004,3
00025839_019,3
00025841_002,3
00025844_010,4
00025846_001,3
00025849_037,3
00025849_043,3
00025849_047,3
00025849_052,3
00025861_000,0
00025862_001,4
00025877_012,5
00025884_002,3
00025888_001,5
00025892_000,0
00025913_000,5
00025923_001,0
00025924_017,4
00025929_000,0
00025953_000,2
00025954_008,5
00025954_018,5
00025958_001,6
00025961_000,0
00025964_004,3
00025968_000,5
00025974_000,0
00025977_007,3
00025993_000,5
00025994_005,0
00025997_002,3
00026004_007,3
00026013_002,4
00026020_000,0
00026022_000,0
00026024_004,3
00026031_003,3
00026033_000,5
00026040_000,0
00026050_009,0
00026053_000,5
00026068_000,3
00026072_007,0
00026073_003,4
00026078_009,5
00026096_000,3
00026099_009,3
00026099_043,3
00026105_000,5
00026109_004,3
00026110_001,0
00026120_001,3
00026127_004,3
00026130_000,0
00026132_000,7
00026132_010,3
00026132_019,3
00026132_026,0
00026132_029,5
00026136_003,0
00026137_002,0
00026139_002,0
00026157_002,0
00026167_009,3
00026179_003,3
00026179_005,5
00026194_005,3
00026199_004,3
00026201_004,0
00026204_015,3
00026204_016,0
00026219_000,0
00026221_010,2
00026222_009,5
00026232_032,6
00026232_036,6
00026235_000,0
00026236_001,0
00026236_021,2
00026258_000,2
00026261_005,3
00026275_009,3
00026282_000,5
00026305_001,6
00026318_000,5
00026320_003,0
00026321_001,3
00026333_000,2
00026336_001,0
00026341_003,0
00026342_000,2
00026345_000,5
00026346_018,3
00026349_006,2
00026357_000,4
00026372_003,3
00026374_009,3
00026399_010,5
00026400_000,5
00026411_000,4
00026412_019,3
00026426_003,4
00026432_004,0
00026451_019,3
00026451_027,3
00026466_002,0
00026469_007,3
00026473_000,5
00026480_004,2
00026513_002,3
00026524_002,3
00026541_000,0
00026546_015,0
00026555_000,2
00026560_010,3
00026562_011,6
00026573_005,5
00026586_001,3
00026586_008,0
00026597_010,4
00026599_000,4
00026602_000,0
00026625_005,5
00026638_005,3
00026652_001,3
00026670_001,2
00026683_004,5
00026684_002,4
00026702_000,5
00026713_007,3
00026713_009,6
00026733_000,2
00026738_007,3
00026740_000,0
00026773_000,5
00026774_000,4
00026777_000,5
00026785_002,3
00026785_010,0
00026793_004,0
00026798_002,5
00026810_011,3
00026810_013,0
00026810_016,0
00026810_023,3
00026810_024,5
00026815_004,4
00026815_005,4
00026818_024,6
00026820_002,0
00026825_006,3
00026825_017,4
00026828_001,3
00026836_001,3
00026843_001,3
00026848_022,3
00026848_033,5
00026860_004,3
00026865_000,0
00026876_001,0
00026876_003,4
00026886_010,0
00026904_004,3
00026908_010,3
00026911_008,7
00026925_003,3
00026925_005,3
00026928_001,0
00026946_001,4
00026954_005,3
00026963_019,3
00026963_026,3
00026968_001,2
00026970_002,5
00026971_023,3
00026975_002,7
00026977_000,5
00026994_002,0
00026997_001,0
00027001_001,3
00027006_000,3
00027017_000,5
00027017_002,3
00027028_002,4
00027028_008,3
00027036_001,4
00027038_003,3
00027045_001,4
00027045_002,2
00027057_000,0
00027066_004,3
00027066_012,6
00027073_000,0
00027075_001,5
00027079_012,5
00027081_000,0
00027089_001,0
00027093_001,4
00027100_000,2
00027108_005,2
00027108_014,3
00027110_000,0
00027128_001,3
00027130_000,0
00027165_000,0
00027168_000,3
00027168_001,0
00027199_006,2
00027211_000,0
00027211_003,3
00027213_017,2
00027213_025,3
00027213_029,3
00027213_046,3
00027213_067,3
00027213_076,3
00027213_086,3
00027229_000,0
00027235_000,2
00027236_000,2
00027242_001,5
00027250_000,3
00027278_006,0
00027278_008,2
00027285_002,3
00027290_000,5
00027295_000,0
00027298_001,0
00027300_000,0
00027311_001,3
00027314_000,3
00027316_000,4
00027320_011,5
00027320_014,0
00027320_015,0
00027337_000,2
00027338_000,5
00027355_005,3
00027355_009,3
00027368_005,3
00027370_001,0
00027389_010,3
00027394_000,3
00027397_000,2
00027399_000,1
00027415_025,3
00027415_045,3
00027415_061,3
00027415_077,3
00027415_079,3
00027420_002,0
00027427_001,0
00027427_011,3
00027446_002,4
00027455_005,3
00027464_033,2
00027479_007,2
00027492_000,3
00027498_000,2
00027536_001,3
00027542_011,0
00027553_001,5
00027565_000,5
00027566_002,0
00027584_002,3
00027584_008,0
00027589_001,5
00027597_000,0
00027615_000,4
00027617_001,5
00027621_000,2
00027630_001,6
00027642_002,3
00027648_004,3
00027648_010,0
00027652_003,3
00027652_007,0
00027656_001,4
00027657_003,3
00027659_000,5
00027676_007,0
00027680_000,0
00027683_000,5
00027706_014,3
00027708_000,0
00027725_018,3
00027725_059,5
00027725_073,3
00027726_003,3
00027726_004,3
00027726_013,3
00027726_025,6
00027726_050,3
00027726_057,3
00027726_060,3
00027735_001,4
00027743_000,2
00027748_000,0
00027757_000,3
00027757_002,3
00027763_001,3
00027765_000,1
00027782_002,0
00027784_004,4
00027784_008,4
00027833_015,3
00027833_018,2
00027861_001,4
00027872_000,0
00027874_000,0
00027889_000,0
00027905_002,3
00027908_002,3
00027908_003,3
00027912_008,4
00027929_001,3
00027930_002,3
00027961_000,4
00027971_000,0
00027977_000,2
00027978_000,0
00027997_002,3
00028000_000,0
00028000_001,0
00028013_003,4
00028023_000,5
00028039_000,0
00028039_001,0
00028043_000,0
00028044_005,4
00028052_000,0
00028063_002,4
00028069_003,0
00028081_003,4
00028081_012,3
00028082_000,4
00028095_000,4
00028105_001,3
00028109_000,0
00028117_000,5
00028127_000,3
00028131_006,3
00028131_008,3
00028142_000,3
00028147_000,0
00028148_017,2
00028156_000,3
00028158_000,5
00028181_000,4
00028182_000,4
00028192_001,4
00028207_001,2
00028208_004,2
00028208_036,4
00028210_000,0
00028211_016,3
00028219_002,0
00028223_000,0
00028232_002,3
00028249_000,3
00028253_007,5
00028258_002,2
00028271_003,5
00028290_003,3
00028295_000,2
00028298_000,0
00028317_007,3
00028317_012,4
00028324_000,2
00028324_001,4
00028336_000,0
00028350_001,0
00028353_000,4
00028357_029,3
00028357_037,5
00028392_000,3
00028402_000,3
00028410_000,0
00028431_001,2
00028432_000,2
00028433_006,3
00028456_000,0
00028457_000,3
00028477_000,4
00028485_006,3
00028489_000,1
00028504_000,4
00028505_012,4
00028509_006,3
00028509_010,3
00028509_038,4
00028509_040,3
00028518_003,0
00028518_020,3
00028518_025,4
00028519_000,4
00028522_000,0
00028523_026,3
00028529_001,4
00028539_000,4
00028544_008,4
00028544_013,4
00028544_014,4
00028545_002,3
00028572_001,4
00028572_015,4
00028579_005,4
00028582_011,4
00028592_000,3
00028592_001,4
00028593_003,4
00028601_000,3
00028628_006,4
00028628_010,4
00028628_019,3
00028628_020,4
00028640_004,4
00028661_004,4
00028661_006,4
00028680_000,4
00028682_004,4
00028684_003,3
00028690_000,3
00028696_001,0
00028698_000,4
00028705_000,4
00028725_001,4
00028725_002,3
00028727_000,4
00028730_000,3
00028739_000,2
00028755_000,4
00028757_000,4
00028762_001,4
00028765_020,3
00028770_000,4
00028774_005,3
00028774_007,3
00028774_012,3
00028774_021,6
00028774_031,3
00028795_007,3
00028803_000,6
00028803_005,6
00028811_007,4
00028833_000,2
00028846_007,4
00028850_000,4
00028864_008,2
00028873_001,2
00028873_004,2
00028873_006,3
00028876_000,4
00028879_000,1
00028882_006,4
00028890_000,4
00028890_008,5
00028897_014,4
00028902_001,4
00028910_000,4
00028911_007,3
00028912_001,2
00028916_002,4
00028924_004,4
00028924_005,3
00028961_003,4
00028961_006,6
00028963_001,3
00028974_000,3
00028974_009,3
00028974_020,2
00028986_000,4
00029016_000,4
00029017_003,3
00029018_000,2
00029027_000,3
00029035_003,4
00029036_000,4
00029039_004,3
00029041_001,4
00029043_002,4
00029064_000,2
00029066_000,4
00029088_004,3
00029104_000,4
00029105_001,4
00029105_023,4
00029115_000,4
00029119_000,1
00029123_000,4
00029124_001,4
00029135_004,3
00029142_006,4
00029143_000,3
00029155_002,3
00029159_003,4
00029159_007,3
00029165_008,4
00029174_000,2
00029174_003,1
00029180_000,0
00029188_000,0
00029190_001,2
00029203_001,4
00029207_005,4
00029219_000,4
00029225_000,4
00029237_000,4
00029244_004,4
00029248_000,4
00029259_009,4
00029308_000,4
00029310_000,3
00029328_005,3
00029379_000,4
00029380_000,0
00029380_003,3
00029385_005,3
00029388_000,4
00029394_000,4
00029395_000,4
00029401_002,4
00029408_001,3
00029423_002,3
00029431_003,3
00029437_005,4
00029459_004,4
00029464_001,4
00029479_003,2
00029494_000,4
00029501_000,2
00029510_000,2
00029517_000,4
00029526_004,3
00029533_000,4
00029537_000,4
00029542_000,2
00029563_001,3
00029567_001,4
00029572_000,4
00029579_006,3
00029592_000,4
00029596_003,4
00029597_003,4
00029597_006,3
00029597_007,3
00029608_000,4
00029617_007,4
00029621_000,4
00029636_000,4
00029644_000,4
00029666_001,3
00029678_001,4
00029679_000,4
00029681_000,2
00029697_000,4
00029713_001,3
00029720_000,4
00029721_000,3
00029729_000,4
00029730_000,2
00029734_000,2
00029745_001,3
00029755_003,1
00029774_005,4
00029779_000,4
00029787_000,4
00029795_001,4
00029807_001,3
00029808_001,3
00029808_003,4
00029808_009,4
00029809_005,3
00029813_009,3
00029813_031,4
00029817_022,3
00029819_001,3
00029820_000,4
00029839_001,3
00029851_000,3
00029852_002,4
00029863_021,3
00029867_000,4
00029869_000,4
00029880_006,4
00029880_012,4
00029891_002,0
00029901_002,3
00029902_001,2
00029908_000,4
00029919_000,2
00029930_000,3
00029940_007,3
00029943_034,3
00029950_014,4
00029959_002,3
00029969_000,3
00029976_011,2
00029981_002,4
00029981_006,4
00029998_006,4
00029998_010,4
00030015_000,4
00030026_002,3
00030039_019,4
00030045_000,4
00030055_000,4
00030059_006,3
00030062_000,4
00030075_000,4
00030076_000,3
00030077_002,3
00030079_032,3
00030079_033,3
00030079_046,3
00030079_047,3
00030079_049,3
00030079_052,3
00030079_061,3
00030091_000,4
00030097_000,4
00030104_000,4
00030106_004,3
00030114_000,6
00030120_000,4
00030134_000,3
00030140_000,4
00030145_001,5
00030146_002,3
00030152_003,3
00030159_000,4
00030159_015,3
00030167_001,2
00030169_000,4
00030176_000,0
00030182_000,4
00030183_004,4
00030196_003,4
00030200_001,4
00030209_008,1
00030218_001,3
00030220_000,2
00030229_000,4
00030247_009,2
00030247_010,3
00030262_001,4
00030263_000,4
00030268_000,2
00030279_010,3
00030284_000,4
00030286_000,3
00030300_008,3
00030301_000,4
00030320_005,1
00030323_013,3
00030323_029,2
00030345_000,2
00030346_001,3
00030358_000,3
00030370_006,3
00030377_000,4
00030384_000,4
00030389_003,2
00030398_000,4
00030408_005,3
00030410_000,4
00030410_002,3
00030418_000,4
00030418_001,4
00030419_001,2
00030427_002,4
00030430_000,2
00030434_000,4
00030438_000,4
00030439_006,4
00030455_000,4
00030471_004,3
00030495_000,1
00030520_000,4
00030532_000,2
00030532_001,4
00030545_000,4
00030565_000,2
00030573_013,3
00030588_000,4
00030606_013,4
00030609_021,6
00030634_000,2
00030635_002,4
00030635_007,3
00030636_010,4
00030636_012,4
00030636_013,4
00030636_014,4
00030636_017,4
00030639_001,3
00030650_002,4
00030695_002,4
00030704_000,4
00030712_000,4
00030786_005,3
00030789_000,4
00030792_000,2
00030797_000,4
